{"initial_reset_timestamp": 1637358726.6527412, "timestamps": [1637358730.8320339, 1637358731.1591396, 1637358731.5992978, 1637358732.0887184, 1637358732.5306172, 1637358733.0073717, 1637358736.5453584, 1637358736.9632144, 1637358737.5189397, 1637358738.003288, 1637358738.6002915, 1637358739.0800304, 1637358739.5375462, 1637358744.529934, 1637358746.906398, 1637358749.1830242, 1637358751.5462265, 1637358753.8266375, 1637358756.138357, 1637358758.5025494, 1637358764.2149947, 1637358766.5290852, 1637358768.9340394, 1637358771.322195, 1637358773.5982227, 1637358775.9608796, 1637358781.9621322, 1637358784.4061334, 1637358786.614144, 1637358788.9713905, 1637358791.2925909, 1637358793.6785727, 1637358796.0924897, 1637358801.8205864, 1637358804.2306025, 1637358806.5325382, 1637358808.873951, 1637358811.2489333, 1637358813.5690084, 1637358815.9633944, 1637358821.5908988, 1637358823.857134, 1637358826.1693807, 1637358828.5561626, 1637358830.939559, 1637358833.3782206, 1637358838.987726, 1637358841.332039, 1637358843.7986293, 1637358846.071913, 1637358848.4758182, 1637358850.8394897, 1637358853.32458, 1637358859.1163387, 1637358861.4553182, 1637358863.9616156, 1637358866.3566022, 1637358868.6775455, 1637358871.0956948, 1637358873.5025575, 1637358879.311488, 1637358881.6542146, 1637358883.9829085, 1637358886.315313, 1637358888.6674447, 1637358891.1217058, 1637358897.2087598, 1637358899.5299277, 1637358901.8643637, 1637358904.272631, 1637358906.6949024, 1637358909.1592162, 1637358911.6605015, 1637358917.7488403, 1637358920.1663265, 1637358922.6384366, 1637358925.0108562, 1637358927.3910644, 1637358929.769259, 1637358932.180478, 1637358938.1731007, 1637358940.638458, 1637358943.0128121, 1637358945.3666987, 1637358947.7168949, 1637358950.1078327, 1637358956.121734, 1637358958.5195966, 1637358960.952006, 1637358963.28467, 1637358965.772123, 1637358968.0695333, 1637358970.5532207, 1637358976.1772835, 1637358978.5661576, 1637358980.990152, 1637358983.4474678, 1637358985.871212, 1637358988.2475376, 1637358990.7793612, 1637358996.426213, 1637358998.8539522, 1637359001.3857026, 1637359003.7376943, 1637359006.024145, 1637359008.3172753, 1637359014.4490433, 1637359016.9679012, 1637359019.2452214, 1637359021.6992242, 1637359024.101621, 1637359026.4905865, 1637359028.835056, 1637359034.798968, 1637359037.2172818, 1637359039.6006298, 1637359042.037773, 1637359044.4621687, 1637359046.9551218, 1637359049.3339455, 1637359055.3836796, 1637359057.8267403, 1637359060.27004, 1637359062.6366818, 1637359065.0110316, 1637359067.5482874, 1637359073.5326684, 1637359075.8773227, 1637359078.3643386, 1637359080.7945242, 1637359083.2509475, 1637359085.6235383, 1637359088.0057316, 1637359093.6077163, 1637359096.0695572, 1637359098.3602893, 1637359100.769376, 1637359103.2811701, 1637359105.5961761, 1637359107.984909, 1637359113.625242, 1637359116.031293, 1637359118.4240036, 1637359120.787642, 1637359123.2277286, 1637359125.6348505, 1637359131.382199, 1637359133.8338957, 1637359136.2818816, 1637359138.6420872, 1637359141.0511143, 1637359143.4607484, 1637359145.7544723, 1637359151.7807226, 1637359154.0769105, 1637359156.4509754, 1637359158.7332282, 1637359161.0098, 1637359163.43495, 1637359165.8402667, 1637359171.4544551, 1637359173.5224638, 1637359175.5417755, 1637359177.719914, 1637359179.760218, 1637359181.731943, 1637359186.5172913, 1637359188.4945023, 1637359190.4749293, 1637359192.7772496, 1637359194.9811828, 1637359197.125929, 1637359199.3749535, 1637359204.8955588, 1637359207.1815717, 1637359209.4311821, 1637359211.6200407, 1637359213.9262652, 1637359216.3985677, 1637359218.6626124, 1637359225.249533, 1637359227.6464128, 1637359229.983966, 1637359232.462239, 1637359234.9573233, 1637359237.2624896, 1637359245.451655, 1637359247.8329797, 1637359250.3580713, 1637359252.7891858, 1637359255.232121, 1637359257.6645026, 1637359260.068828, 1637359269.5637655, 1637359271.9577682, 1637359274.270707, 1637359276.691376, 1637359279.152147, 1637359281.1914735, 1637359283.558327, 1637359293.5579393, 1637359296.0439577, 1637359298.4111931, 1637359300.8118725, 1637359303.1770024, 1637359305.573923, 1637359312.260049, 1637359314.6410613, 1637359317.0518699, 1637359319.4635527, 1637359321.8098948, 1637359323.786321, 1637359326.2259374, 1637359332.1824434, 1637359334.6400256, 1637359337.1035705, 1637359339.5576892, 1637359341.9419131, 1637359344.419991, 1637359346.8401878, 1637359353.0291014, 1637359355.4373605, 1637359357.7840316, 1637359360.1770453, 1637359362.6160684, 1637359365.0006425, 1637359367.2858045, 1637359372.8098664, 1637359375.1229959, 1637359377.4667046, 1637359379.915911, 1637359382.2453756, 1637359384.658754, 1637359390.285085, 1637359392.616874, 1637359394.982842, 1637359397.248238, 1637359399.667735, 1637359402.066825, 1637359404.437417, 1637359410.3389978, 1637359412.781934, 1637359415.1525788, 1637359417.4436207, 1637359419.8455462, 1637359422.2309632, 1637359424.6071005, 1637359430.2988765, 1637359432.6579316, 1637359435.07564, 1637359437.5594327, 1637359439.9541416, 1637359442.2492888, 1637359448.5738146, 1637359451.0110886, 1637359453.344843, 1637359455.7566848, 1637359458.2606137, 1637359460.7563937, 1637359463.1896982, 1637359469.3714497, 1637359471.9063277, 1637359474.3427331, 1637359476.768888, 1637359479.2177446, 1637359481.716255, 1637359484.0955112, 1637359492.687439, 1637359495.0598602, 1637359497.4790692, 1637359499.9211283, 1637359502.3249128, 1637359504.7542822, 1637359510.7155685, 1637359513.124916, 1637359515.383959, 1637359517.7076664, 1637359519.0617235, 1637359521.458346, 1637359523.8962793, 1637359530.2326725, 1637359532.6315622, 1637359535.1000345, 1637359537.452746, 1637359539.8160832, 1637359542.1348996, 1637359544.4440541, 1637359550.4661586, 1637359552.749843, 1637359555.1842954, 1637359557.6309547, 1637359559.9876387, 1637359562.4316936, 1637359564.8981478, 1637359570.8884854, 1637359573.330462, 1637359575.7616282, 1637359578.1946497, 1637359580.615706, 1637359583.00723, 1637359589.4933228, 1637359591.8010375, 1637359594.242709, 1637359596.5861318, 1637359599.0614188, 1637359601.6066334, 1637359604.0715382, 1637359609.9266868, 1637359612.2612553, 1637359614.7074997, 1637359617.107833, 1637359619.502038, 1637359621.7798626, 1637359624.2433412, 1637359630.2168224, 1637359632.7793887, 1637359635.1312912, 1637359637.4418185, 1637359639.7795498, 1637359642.1712823, 1637359648.1959448, 1637359650.6164958, 1637359653.0193553, 1637359655.3482049, 1637359657.7370832, 1637359660.0825934, 1637359662.4913352, 1637359668.3911834, 1637359670.7962027, 1637359673.1195722, 1637359675.518292, 1637359677.9094517, 1637359680.4801815, 1637359682.6410913],