{"initial_reset_timestamp": 1637358728.7482374, "timestamps": [1637358728.989681, 1637358729.2344558, 1637358729.5020752, 1637358729.8179362, 1637358730.1227896, 1637358730.4558232, 1637358730.7735395, 1637358734.6102417, 1637358734.914118, 1637358735.2209914, 1637358735.5188236, 1637358735.8336952, 1637358736.1657321, 1637358736.4735923, 1637358741.3612943, 1637358741.7294462, 1637358742.1229696, 1637358742.4885426, 1637358742.829686, 1637358743.144303, 1637358743.4446201, 1637358760.5652041, 1637358760.8736515, 1637358761.1784706, 1637358761.4973798, 1637358761.7399259, 1637358762.0734763, 1637358762.3391628, 1637358779.3898597, 1637358779.7387152, 1637358780.0874727, 1637358780.4452357, 1637358780.803963, 1637358781.2134993, 1637358781.5590296, 1637358798.6463451, 1637358798.994827, 1637358799.2948089, 1637358799.6261935, 1637358800.0025322, 1637358800.31669, 1637358800.6970427, 1637358817.7973402, 1637358818.0785966, 1637358818.4163656, 1637358818.777162, 1637358819.1236634, 1637358819.4378698, 1637358819.784448, 1637358836.7344606, 1637358837.098322, 1637358837.3715174, 1637358837.6108477, 1637358837.930675, 1637358838.287055, 1637358838.6232333, 1637358856.0535398, 1637358856.3980412, 1637358856.7219386, 1637358857.084068, 1637358857.4023502, 1637358857.6809835, 1637358857.9832366, 1637358875.445325, 1637358875.8156955, 1637358876.1688662, 1637358876.5289645, 1637358876.833979, 1637358877.1640656, 1637358877.5158753, 1637358894.6193264, 1637358894.9683573, 1637358895.3417234, 1637358895.7121837, 1637358896.077995, 1637358896.421357, 1637358896.7968643, 1637358914.4446785, 1637358914.821892, 1637358915.2229664, 1637358915.6159413, 1637358915.9260483, 1637358916.2190862, 1637358916.5665336, 1637358934.2406945, 1637358934.546524, 1637358934.9074361, 1637358935.2779853, 1637358935.6339054, 1637358936.0174356, 1637358936.3501945, 1637358953.773459, 1637358954.1252964, 1637358954.491704, 1637358954.8099203, 1637358955.1521785, 1637358955.4472723, 1637358955.7537115, 1637358973.1354074, 1637358973.4722703, 1637358973.7729614, 1637358974.059444, 1637358974.409456, 1637358974.710349, 1637358975.0228598, 1637358992.5902915, 1637358992.9299216, 1637358993.2983842, 1637358993.6352346, 1637358993.9402678, 1637358994.268911, 1637358994.5398648, 1637359011.8924708, 1637359012.2493641, 1637359012.6084821, 1637359012.9645383, 1637359013.3060217, 1637359013.6943269, 1637359014.056933, 1637359031.3529482, 1637359031.6633365, 1637359032.0371592, 1637359032.3453708, 1637359032.6983528, 1637359033.031271, 1637359033.374635, 1637359033.7163446, 1637359051.301267, 1637359051.6364355, 1637359051.9747214, 1637359052.2578259, 1637359052.5526872, 1637359052.9306488, 1637359053.2949321, 1637359053.5977087, 1637359070.9676893, 1637359071.2879317, 1637359071.5928566, 1637359071.9078665, 1637359072.2733424, 1637359072.4732194, 1637359072.8154685, 1637359073.1163812, 1637359090.5144012, 1637359090.7750165, 1637359091.131704, 1637359091.4675543, 1637359091.7890007, 1637359092.10205, 1637359092.4483092, 1637359109.9445522, 1637359110.215405, 1637359110.5100508, 1637359110.833186, 1637359111.1312115, 1637359111.437573, 1637359111.736165, 1637359129.1289144, 1637359129.450816, 1637359129.7392113, 1637359130.0247302, 1637359130.3390455, 1637359130.6456003, 1637359130.9894972, 1637359148.4773698, 1637359148.7090366, 1637359149.047737, 1637359149.3592272, 1637359149.6602619, 1637359150.0109203, 1637359150.3502426, 1637359150.7041519, 1637359167.9063277, 1637359168.1775444, 1637359168.459628, 1637359168.7276158, 1637359169.0630193, 1637359169.413421, 1637359169.7545705, 1637359184.603764, 1637359184.8913412, 1637359185.1855075, 1637359185.485181, 1637359185.7624288, 1637359185.9846456, 1637359186.2116282, 1637359201.9689188, 1637359202.3317134, 1637359202.6802275, 1637359202.9757981, 1637359203.3528216, 1637359203.624504, 1637359203.9133098, 1637359220.59514, 1637359220.8036218, 1637359221.0640492, 1637359221.3667758, 1637359221.533968, 1637359221.7794762, 1637359222.067704, 1637359222.3551066, 1637359222.5924373, 1637359222.8873127, 1637359223.1053011, 1637359223.3399835, 1637359240.589925, 1637359240.773326, 1637359240.965391, 1637359241.1767943, 1637359241.3739283, 1637359241.55316, 1637359241.7861788, 1637359242.0132382, 1637359242.2402527, 1637359242.4783328, 1637359242.6739979, 1637359242.8802888, 1637359243.0823734, 1637359243.3549082, 1637359243.5479188, 1637359243.8175905, 1637359244.0715, 1637359244.3053794, 1637359244.5515075, 1637359244.8289711, 1637359245.0227346, 1637359262.7214384, 1637359262.9810264, 1637359263.2238877, 1637359263.4198685, 1637359263.718734, 1637359263.967801, 1637359264.158067, 1637359264.3344595, 1637359264.6012056, 1637359264.8471413, 1637359265.065939, 1637359265.329846, 1637359265.5822628, 1637359265.786058, 1637359265.997958, 1637359266.2793968, 1637359266.4947913, 1637359266.7173622, 1637359266.896159, 1637359267.0615394, 1637359267.239289, 1637359267.4676974, 1637359267.6844194, 1637359267.9187112, 1637359268.1378791, 1637359268.3889272, 1637359285.6777117, 1637359285.8712394, 1637359286.064057, 1637359286.2995145, 1637359286.4909472, 1637359286.672108, 1637359286.8198504, 1637359287.0260582, 1637359287.2302067, 1637359287.452748, 1637359287.630219, 1637359287.8475578, 1637359288.048695, 1637359288.2234201, 1637359288.4230897, 1637359288.5840032, 1637359288.7939374, 1637359288.9755116, 1637359289.1980789, 1637359289.4101903, 1637359289.62157, 1637359289.8216968, 1637359290.0181682, 1637359290.2471733, 1637359290.4862182, 1637359290.673403, 1637359290.8537288, 1637359291.034374, 1637359291.2219884, 1637359291.4203613, 1637359291.6234007, 1637359291.8326247, 1637359292.036921, 1637359309.5264544, 1637359309.775857, 1637359310.114199, 1637359310.3285265, 1637359310.6179829, 1637359310.9433606, 1637359311.1749525, 1637359311.4674227, 1637359311.664616, 1637359311.862211, 1637359312.21452, 1637359329.7944288, 1637359330.1322086, 1637359330.4716337, 1637359330.782848, 1637359331.1243029, 1637359331.4549537, 1637359331.8355525, 1637359349.8648596, 1637359350.2214134, 1637359350.5927906, 1637359350.8917656, 1637359351.2245255, 1637359351.5778859, 1637359351.901867, 1637359369.3145998, 1637359369.6106207, 1637359369.9068844, 1637359370.2056162, 1637359370.4923048, 1637359370.7918723, 1637359371.0548239, 1637359388.1205873, 1637359388.4552875, 1637359388.7511277, 1637359388.9875383, 1637359389.3177505, 1637359389.591969, 1637359389.8915627, 1637359407.3947349, 1637359407.69727, 1637359408.0042245, 1637359408.2940288, 1637359408.6276014, 1637359408.9482641, 1637359409.205951, 1637359426.5777748, 1637359426.9316275, 1637359427.2035346, 1637359427.5032918, 1637359427.844152, 1637359428.1530437, 1637359428.4539716, 1637359445.9018683, 1637359446.1320658, 1637359446.4673338, 1637359446.831517, 1637359447.1598818, 1637359447.4786644, 1637359447.83465, 1637359448.1970549, 1637359466.090031, 1637359466.4967146, 1637359466.84739, 1637359467.2018745, 1637359467.5520008, 1637359467.8773217, 1637359468.2158318, 1637359486.1393712, 1637359486.3854516, 1637359486.6182935, 1637359486.8202043, 1637359487.0438197, 1637359487.2635593, 1637359487.4625661, 1637359487.7055798, 1637359487.910042, 1637359488.1606941, 1637359488.4125795, 1637359488.6846707, 1637359488.9436984, 1637359489.1816666, 1637359489.4119563, 1637359489.6873183, 1637359489.9396183, 1637359490.1812425, 1637359490.4094229, 1637359490.6357837, 1637359490.872058, 1637359508.278403, 1637359508.618682, 1637359508.9153705, 1637359509.1421885, 1637359509.4138768, 1637359509.638841, 1637359509.9765806, 1637359510.3133929, 1637359528.0631363, 1637359528.4110842, 1637359528.7541852, 1637359529.082124, 1637359529.459481, 1637359529.8059175, 1637359530.1507647, 1637359547.6122503, 1637359547.9419777, 1637359548.1411116, 1637359548.4510915, 1637359548.6970844, 1637359549.036137, 1637359549.373228, 1637359549.619908, 1637359567.3256166, 1637359567.669316, 1637359568.039843, 1637359568.346435, 1637359568.6731918, 