{"initial_reset_timestamp": 1637286498.466177, "timestamps": [1637286501.7226229, 1637286502.0091295, 1637286502.4105895, 1637286502.804514, 1637286503.1745124, 1637286503.5532053, 1637286506.3725789, 1637286506.7244556, 1637286507.0730488, 1637286507.4228745, 1637286507.7701902, 1637286508.1779227, 1637286508.5543752, 1637286512.5539646, 1637286514.5468976, 1637286516.6091835, 1637286518.593959, 1637286520.6355164, 1637286522.857144, 1637286524.9143815, 1637286530.6283112, 1637286533.008995, 1637286535.4103236, 1637286537.8305035, 1637286540.415873, 1637286541.9855974, 1637286544.524612, 1637286551.4220757, 1637286554.1131701, 1637286556.834627, 1637286559.7724936, 1637286562.5056164, 1637286565.3049865, 1637286572.1676185, 1637286575.014834, 1637286577.8298874, 1637286579.682781, 1637286582.5569324, 1637286585.414698, 1637286586.7418227, 1637286589.5632107, 1637286596.5076718, 1637286599.4458344, 1637286601.2095857, 1637286604.1256618, 1637286606.9256134, 1637286608.4571528, 1637286611.403477, 1637286614.2145965, 1637286621.1451573, 1637286624.103235, 1637286626.899484, 1637286629.7005322, 1637286632.723697, 1637286635.561962, 1637286641.8152068, 1637286644.758594, 1637286647.6960378, 1637286650.5339825, 1637286653.4239671, 1637286656.2743435, 1637286659.1363926, 1637286666.1165352, 1637286668.9760907, 1637286671.749097, 1637286674.5608292, 1637286677.5220795, 1637286680.308564, 1637286683.238729, 1637286690.165777, 1637286693.0922759, 1637286695.797033, 1637286698.556143, 1637286701.407465, 1637286704.208814, 1637286710.9312525, 1637286713.699267, 1637286716.4818947, 1637286719.1914718, 1637286721.986189, 1637286724.841909, 1637286727.6871858, 1637286734.3912175, 1637286737.1925156, 1637286740.0212917, 1637286742.8259473, 1637286745.6294863, 1637286748.4856339, 1637286751.3179846, 1637286758.1568584, 1637286761.0558863, 1637286763.9178727, 1637286766.671732, 1637286769.5823534, 1637286772.466189, 1637286779.6709018, 1637286782.555475, 1637286785.3431973, 1637286788.0476222, 1637286790.7914479, 1637286793.6595778, 1637286796.4834619, 1637286803.4325147, 1637286806.2909765, 1637286809.0850036, 1637286811.8822913, 1637286814.5997953, 1637286817.474504, 1637286820.2377424, 1637286826.951178, 1637286829.8571463, 1637286832.7900743, 1637286835.537367, 1637286838.394254, 1637286841.1613963, 1637286848.1263807, 1637286851.0024743, 1637286853.8470936, 1637286856.7126749, 1637286859.6124566, 1637286862.549927, 1637286865.4999366, 1637286872.3837972, 1637286875.2172635, 1637286878.1841588, 1637286880.9682384, 1637286883.6978369, 1637286886.654524, 1637286889.445185, 1637286896.5495677, 1637286899.4028392, 1637286902.3201199, 1637286905.1430998, 1637286907.9563973, 1637286910.9005094, 1637286917.6809247, 1637286920.4721656, 1637286923.2710035, 1637286926.1634905, 1637286928.9406319, 1637286931.7769136, 1637286934.5875256, 1637286941.7679348, 1637286944.5276105, 1637286947.3387153, 1637286950.1338367, 1637286952.9466057, 1637286955.872757, 1637286958.714026, 1637286965.5931306, 1637286968.5245032, 1637286971.4871454, 1637286974.263554, 1637286977.0617526, 1637286979.9025626, 1637286986.7482786, 1637286989.7068603, 1637286992.5887742, 1637286995.4181755, 1637286998.1905787, 1637287000.9751642, 1637287003.808639, 1637287010.5212586, 1637287013.3340065, 1637287016.1457207, 1637287018.918977, 1637287021.7223544, 1637287024.4871838, 1637287027.3075254, 1637287034.254702, 1637287037.0981727, 1637287039.8356082, 1637287042.6095912, 1637287045.402312, 1637287048.110426, 1637287054.7811506, 1637287057.5996423, 1637287060.320269, 1637287063.184344, 1637287065.9357536, 1637287068.7109618, 1637287071.529691, 1637287078.357242, 1637287081.182419, 1637287083.908929, 1637287086.6906264, 1637287089.509462, 1637287092.3011944, 1637287095.040337, 1637287101.6873248, 1637287104.524062, 1637287107.3230903, 1637287110.0691087, 1637287112.8816264, 1637287115.6722314, 1637287122.5594394, 1637287125.3976514, 1637287128.212576, 1637287130.9416337, 1637287133.6870053, 1637287136.4475534, 1637287139.2477827, 1637287145.9789045, 1637287148.837563, 1637287151.6930265, 1637287154.427616, 1637287157.1780686, 1637287159.9172034, 1637287162.742058, 1637287169.6817327, 1637287172.5459797, 1637287175.3958106, 1637287178.1716962, 1637287181.0433812, 1637287183.8730037, 1637287190.446113, 1637287193.22332, 1637287196.0006514, 1637287198.7711852, 1637287201.6372423, 1637287204.4073899, 1637287207.1264222, 1637287213.741779, 1637287216.5145845, 1637287219.3745484, 1637287222.2066383, 1637287224.927229, 1637287227.7020311, 1637287230.5038528, 1637287238.514613, 1637287241.3309505, 1637287244.1459243, 1637287246.8800848, 1637287249.7076685, 1637287252.43339, 1637287260.2799056, 1637287263.0932395, 1637287265.9891284, 1637287268.7714312, 1637287271.5519872, 1637287274.3704135, 1637287277.1899562, 1637287286.1270769, 1637287288.9328117, 1637287291.7086282, 1637287294.489321, 1637287297.1824589, 1637287299.9352424, 1637287302.726924, 1637287311.090401, 1637287313.8704348, 1637287316.6901858, 1637287319.5464563, 1637287322.384427, 1637287325.2502716, 1637287334.3974154, 1637287337.2281327, 1637287340.0611463, 1637287342.7779121, 1637287345.5681748, 1637287348.2807474, 1637287351.1167433, 1637287361.4476602, 1637287364.249181, 1637287366.9698644, 1637287369.7829714, 1637287372.490738, 1637287375.1816626, 1637287377.9891143, 1637287387.7084823, 1637287390.508383, 1637287393.3819294, 1637287396.0438297, 1637287398.6818087, 1637287401.529483, 1637287412.2281456, 1637287415.0948632, 1637287417.8592274, 1637287420.577513, 1637287423.398733, 1637287426.1559923, 1637287428.8613517, 1637287439.8936124, 1637287442.6295116, 1637287445.316596, 1637287448.075877, 1637287450.8470953, 1637287453.5630226, 1637287456.2346995, 1637287467.13747, 1637287469.9199564, 1637287472.7238083, 1637287475.5895352, 1637287478.3779213, 1637287481.127912, 1637287492.4410958, 1637287495.1668787, 1637287497.8947933, 1637287500.7213697, 1637287503.5441885, 1637287506.326538, 1637287509.1742854, 1637287519.9820223, 1637287522.7906225, 1637287525.5239794, 1637287528.247265, 1637287531.0667355, 1637287533.8299196, 1637287536.6658182, 1637287548.8391564, 1637287551.530613, 1637287554.3004723, 1637287557.0263605, 1637287559.8706505, 1637287562.6873126, 1637287574.299913, 1637287577.0583305, 1637287579.8439438, 1637287582.699639, 1637287585.488828, 1637287588.252191, 1637287591.1183689, 1637287602.3599267, 1637287604.9388993, 1637287607.3859415, 1637287609.673015, 1637287612.04114, 1637287614.4569013, 1637287616.830481, 1637287627.265487, 1637287629.7219048, 1637287632.1178222, 1637287634.4876509, 1637287636.8038528, 1637287639.1008804],