{"initial_reset_timestamp": 1637281290.1550484, "timestamps": [1637281293.5511672, 1637281293.8321056, 1637281294.2670376, 1637281294.64798, 1637281295.0443068, 1637281295.3984406, 1637281298.362252, 1637281298.727379, 1637281299.0964684, 1637281299.43737, 1637281299.7780356, 1637281300.1468322, 1637281300.4855552, 1637281304.2898607, 1637281306.0167632, 1637281307.761266, 1637281309.494397, 1637281311.247041, 1637281313.008235, 1637281314.8652759, 1637281319.760829, 1637281321.7928917, 1637281323.8229737, 1637281325.8340836, 1637281327.7603617, 1637281329.6178596, 1637281334.336291, 1637281336.110142, 1637281337.9358284, 1637281339.6610465, 1637281341.404199, 1637281343.275885, 1637281345.1467628, 1637281349.125352, 1637281350.720024, 1637281352.2790933, 1637281353.947745, 1637281355.7859414, 1637281357.4945936, 1637281359.2779841, 1637281363.491055, 1637281365.2174363, 1637281366.7987008, 1637281368.4394608, 1637281370.0415342, 1637281371.846112, 1637281376.3896878, 1637281378.1287541, 1637281379.8874037, 1637281381.6125739, 1637281383.278749, 1637281384.9000282, 1637281386.6009243, 1637281390.7935853, 1637281392.504009, 1637281394.3168595, 1637281396.3102374, 1637281398.1357284, 1637281399.7723193, 1637281401.525447, 1637281405.8354092, 1637281407.6708937, 1637281409.6164656, 1637281411.498431, 1637281413.3588123, 1637281415.1809618, 1637281419.5233316, 1637281421.3610897, 1637281423.214829, 1637281424.998315, 1637281426.746745, 1637281428.4637182, 1637281430.1414883, 1637281436.4194503, 1637281438.1553829, 1637281439.897155, 1637281441.6204379, 1637281443.4729767, 1637281445.280613, 1637281446.9305036, 1637281451.6380594, 1637281453.3783765, 1637281455.1055923, 1637281456.8810122, 1637281458.671647, 1637281460.4004035, 1637281466.261158, 1637281467.986763, 1637281469.7067876, 1637281471.3996193, 1637281473.25345, 1637281474.959514, 1637281476.852964, 1637281483.5088263, 1637281485.2216752, 1637281487.072853, 1637281488.834506, 1637281490.613373, 1637281492.3235395, 1637281494.05315, 1637281500.1862469, 1637281501.8997686, 1637281503.7579875, 1637281505.547151, 1637281507.323479, 1637281509.1510518, 1637281514.7975667, 1637281516.508647, 1637281518.2394648, 1637281520.022598, 1637281521.8536632, 1637281523.6426802, 1637281525.354451, 1637281531.8616939, 1637281533.453779, 1637281535.1986916, 1637281536.9555526, 1637281538.7382817, 1637281540.5173862, 1637281542.2824333, 1637281548.202283, 1637281549.8435972, 1637281551.5170596, 1637281553.2868352, 1637281555.177112, 1637281556.8781173, 1637281563.7276738, 1637281565.392393, 1637281567.1185572, 1637281568.8372118, 1637281570.5355449, 1637281572.285751, 1637281574.02535, 1637281580.937314, 1637281582.8020546, 1637281584.4695415, 1637281586.1654475, 1637281588.035949, 1637281590.045977, 1637281591.86388, 1637281598.435297, 1637281600.6302078, 1637281602.6325207, 1637281604.677667, 1637281606.8947113, 1637281609.0229135, 1637281617.7064798, 1637281620.2008965, 1637281622.79156, 1637281625.4137034, 1637281627.948267, 1637281630.4222853, 1637281632.9965987, 1637281641.9705603, 1637281644.4671113, 1637281647.0848892, 1637281649.6099083, 1637281652.1477063, 1637281654.7319753, 1637281657.3449998, 1637281664.9143672, 1637281667.4051406, 1637281669.95656, 1637281672.5887065, 1637281675.1916685, 1637281677.8250115, 1637281684.0917947, 1637281686.5490906, 1637281689.0570166, 1637281691.5781517, 1637281694.1285527, 1637281696.6653056, 1637281699.0365312, 1637281705.2512085, 1637281707.7985036, 1637281710.3891635, 1637281712.9757457, 1637281715.385331, 1637281717.8384728, 1637281720.1504548, 1637281726.4911664, 1637281729.0059702, 1637281731.24909, 1637281733.612662, 1637281735.9624865, 1637281738.4111457, 1637281744.6756587, 1637281747.1777718, 1637281749.6085198, 1637281752.2188735, 1637281754.8797035, 1637281757.380515, 1637281759.918966, 1637281766.1982226, 1637281768.6752608, 1637281771.1805723, 1637281773.5620008, 1637281776.2582603, 1637281778.8243465, 1637281781.4046917, 1637281787.4967132, 1637281789.9367166, 1637281791.8467615, 1637281794.3656864, 1637281796.7161946, 1637281799.1943483, 1637281801.8637428, 1637281808.1937664, 1637281810.6198583, 1637281813.2310565, 1637281815.7644534, 1637281818.3570826, 1637281820.904428, 1637281826.9137406, 1637281829.4752486, 1637281832.1399863, 1637281834.937887, 1637281837.523559, 1637281840.039292, 1637281842.4329886, 1637281848.568107, 1637281850.9294775, 1637281853.4654856, 1637281856.1138325, 1637281858.5798216, 1637281860.9490483, 1637281863.3939736, 1637281869.4995918, 1637281872.0266736, 1637281874.4738953, 1637281877.257842, 1637281879.8672, 1637281882.3495593, 1637281888.5363812, 1637281891.1352332, 1637281893.6763163, 1637281896.2385721, 1637281898.7228498, 1637281901.2194507, 1637281903.6948025, 1637281909.8904228, 1637281912.615157, 1637281915.193838, 1637281917.887462, 1637281920.5560324, 1637281923.18959, 1637281925.7320285, 1637281932.160966, 1637281934.6804254, 1637281937.3146136, 1637281939.7986114, 1637281942.4130044, 1637281944.9535031, 1637281951.2098858, 1637281953.7081923, 1637281956.1963625, 1637281958.7344966, 1637281961.182189, 1637281963.2672315, 1637281965.123935, 1637281969.506277, 1637281971.3982306, 1637281973.3204412, 1637281975.0353718, 1637281976.849824, 1637281978.624124, 1637281980.2063718, 1637281984.3721745, 1637281986.1067848, 1637281988.1011412, 1637281989.9771514, 1637281991.8070695, 1637281993.7239072, 1637281997.8417025, 1637281998.6047688, 1637282000.3652406, 1637282002.2107532, 1637282003.9235363, 1637282005.669843, 1637282007.431068, 1637282009.2959526, 1637282013.4580622, 1637282014.7945898, 1637282016.658135, 1637282018.579581, 1637282020.4898133, 1637282022.5568445, 1637282027.2472298, 1637282028.9717524, 1637282030.7802968, 1637282032.627524, 1637282034.4042363, 1637282036.3079605, 1637282038.0403328, 1637282042.3357615, 1637282044.2541976, 1637282046.0411775, 1637282047.7540524, 1637282049.5784445, 1637282051.318002, 1637282053.0741632, 1637282057.449574, 1637282059.1881907, 1637282061.0600173, 1637282062.193154, 1637282063.9759533, 1637282065.7760808, 1637282067.4647894, 1637282071.574631, 1637282073.4907956, 1637282075.291805, 1637282077.1178384, 1637282078.931165, 1637282080.6310062, 1637282084.6443756, 1637282086.3767514, 1637282088.1459894, 1637282089.9257004, 1637282091.596358, 1637282093.3004441, 1637282095.091098, 1637282099.0760632, 1637282100.7699594, 1637282102.6556587, 1637282104.4061599, 1637282106.2447443, 1637282107.9675064, 1637282109.845459, 1637282113.9490767, 1637282115.9415343, 1637282117.8646755, 1637282119.6192656, 1637282121.6158013, 1637282123.4987261],