{"initial_reset_timestamp": 1637290464.718043, "timestamps": [1637290467.7596433, 1637290468.010509, 1637290468.4462693, 1637290468.8008935, 1637290469.1530938, 1637290469.493897, 1637290472.1823027, 1637290472.5280464, 1637290472.8804083, 1637290473.2490191, 1637290473.587844, 1637290473.930144, 1637290474.306653, 1637290477.7096598, 1637290479.2485168, 1637290480.8086174, 1637290482.3751905, 1637290483.9510775, 1637290485.541684, 1637290487.3219113, 1637290491.3455424, 1637290493.069921, 1637290494.804599, 1637290496.566667, 1637290498.1402981, 1637290499.7434092, 1637290503.4166083, 1637290505.090007, 1637290506.8607488, 1637290508.6617126, 1637290510.4408934, 1637290511.9609609, 1637290513.5225332, 1637290517.4766884, 1637290519.1748624, 1637290520.8960912, 1637290522.7239904, 1637290524.4692287, 1637290526.1272755, 1637290527.770409, 1637290531.879862, 1637290533.616616, 1637290535.406539, 1637290537.1597128, 1637290538.9370086, 1637290540.591652, 1637290542.2087545, 1637290546.1425421, 1637290547.923261, 1637290549.6381829, 1637290551.4457057, 1637290553.1780221, 1637290554.5956862, 1637290558.4622505, 1637290560.195145, 1637290561.9615908, 1637290563.7385695, 1637290565.5103378, 1637290567.2431629, 1637290568.8446085, 1637290572.674567, 1637290573.309538, 1637290574.0167766, 1637290575.7443426, 1637290577.473203, 1637290579.2072115, 1637290580.9323106, 1637290582.6307697, 1637290586.576722, 1637290588.3177688, 1637290590.0450397, 1637290591.831934, 1637290593.6294641, 1637290595.3761082, 1637290597.042546, 1637290600.8749237, 1637290602.6346612, 1637290604.46689, 1637290606.2518418, 1637290607.9753947, 1637290609.7774067, 1637290613.7755184, 1637290615.5307796, 1637290617.330968, 1637290619.1022234, 1637290620.87942, 1637290622.6635213, 1637290624.422469, 1637290628.652985, 1637290630.392379, 1637290632.1021037, 1637290633.8392673, 1637290635.5394394, 1637290637.3081138, 1637290639.0284648, 1637290642.3630476, 1637290644.0164688, 1637290645.813065, 1637290647.5692341, 1637290649.3526514, 1637290651.0958533, 1637290652.878281, 1637290656.7644281, 1637290658.5126112, 1637290660.2716477, 1637290662.0687835, 1637290663.8642712, 1637290665.601519, 1637290669.5833685, 1637290671.199154, 1637290672.3150995, 1637290674.1035905, 1637290675.4324894, 1637290677.1493392, 1637290678.916984, 1637290680.6407313, 1637290684.580074, 1637290686.273296, 1637290688.0358913, 1637290689.7886772, 1637290690.915316, 1637290692.6739995, 1637290694.416069, 1637290698.373971, 1637290700.0197432, 1637290701.7880008, 1637290703.5796669, 1637290705.3719075, 1637290707.1177936, 1637290711.1293144, 1637290712.661787, 1637290714.0626721, 1637290715.8205879, 1637290717.333083, 1637290719.1035044, 1637290720.9408672, 1637290725.1803658, 1637290726.562731, 1637290728.2632904, 1637290730.0526936, 1637290731.8246837, 1637290733.6009636, 1637290735.3082268, 1637290739.3903089, 1637290740.9441028, 1637290742.6142623, 1637290744.3394077, 1637290746.0996525, 1637290747.8306913, 1637290749.6165516, 1637290753.6309307, 1637290755.1464992, 1637290756.8863246, 1637290758.6042264, 1637290760.3713565, 1637290762.1717896, 1637290763.601567, 1637290767.5843716, 1637290769.1385496, 1637290770.7389352, 1637290772.3672068, 1637290774.0593882, 1637290775.7689223, 1637290779.844679, 1637290781.570533, 1637290783.1700015, 1637290784.7132833, 1637290786.415085, 1637290788.1706553, 1637290789.957078, 1637290794.1517148, 1637290795.8712, 1637290797.4427583, 1637290798.980815, 1637290800.6588714, 1637290802.3726914, 1637290804.1447172, 1637290808.2062557, 1637290809.9418705, 1637290811.519594, 1637290813.103657, 1637290814.946675, 1637290816.7269597, 1637290820.7133536, 1637290822.3803198, 1637290824.1123328, 1637290825.68666, 1637290827.2928622, 1637290829.0413947, 1637290830.8460257, 1637290835.641539, 1637290837.5040562, 1637290839.1373606, 1637290840.7217777, 1637290842.346964, 1637290844.0643597, 1637290845.797977, 1637290852.164441, 1637290853.745233, 1637290855.3665738, 1637290857.2030911, 1637290858.9946125, 1637290860.7582088, 1637290866.5730672, 1637290868.104555, 1637290869.7310896, 1637290871.3557835, 1637290873.1046154, 1637290874.8403041, 1637290876.617152, 1637290880.7277873, 1637290882.304497, 1637290883.8586063, 1637290885.4468856, 1637290887.0771303, 1637290888.8646872, 1637290890.5878377, 1637290896.6002438, 1637290898.1682336, 1637290899.7200832, 1637290901.4155085, 1637290903.184167, 1637290904.9094002, 1637290911.01164, 1637290912.5784163, 1637290914.126736, 1637290915.8649874, 1637290917.652044, 1637290919.4249704, 1637290921.1855147, 1637290926.7603211, 1637290928.2692833, 1637290929.8899498, 1637290931.5450735, 1637290933.304161, 1637290935.0385807, 1637290936.8210993, 1637290942.7694063, 1637290944.3464105, 1637290946.0261145, 1637290947.7766109, 1637290949.5336232, 1637290951.3097467, 1637290957.3433554, 1637290958.922634, 1637290960.552378, 1637290962.248265, 1637290963.9819841, 1637290965.749721, 1637290967.5346844, 1637290974.7245216, 1637290976.41042, 1637290978.146538, 1637290979.8946865, 1637290981.658864, 1637290983.4012084, 1637290985.1209078, 1637290991.3562605, 1637290993.0674253, 1637290994.7675078, 1637290996.5337427, 1637290998.2964025, 1637291000.011875, 1637291006.416305, 1637291008.0768094, 1637291009.820687, 1637291011.5481071, 1637291013.3422196, 1637291015.0871801, 1637291016.8549216, 1637291023.2896757, 1637291025.0444036, 1637291026.821486, 1637291028.6149778, 1637291030.3508077, 1637291032.1188145, 1637291033.6692128, 1637291040.158995, 1637291041.9023829, 1637291043.6260312, 1637291045.346861, 1637291047.0962381, 1637291048.6596491, 1637291055.5141537, 1637291057.2209744, 1637291058.5659218, 1637291060.3310773, 1637291062.1064966, 1637291063.7084703, 1637291065.2310896, 1637291070.5753715, 1637291072.330303, 1637291074.0411367, 1637291075.8119457, 1637291077.5177948, 1637291079.0634732, 1637291080.594784, 1637291086.8450856, 1637291088.5842142, 1637291090.331154, 1637291092.0945175, 1637291093.706715, 1637291095.2351148, 1637291096.5581708, 1637291103.2078397, 1637291104.9615076, 1637291106.6932185, 1637291108.338838, 1637291109.8763974, 1637291111.488728, 1637291117.7501895, 1637291119.4423208, 1637291121.1918626, 1637291122.9156992, 1637291124.4576478, 1637291126.027826, 1637291127.7369528, 1637291134.098154, 1637291135.7213826, 1637291137.429478, 1637291138.9683573, 1637291140.577983, 1637291142.3107297, 1637291144.1059346, 1637291148.9087362, 1637291150.6911793, 1637291152.4369454, 1637291154.1068196, 1637291155.655009, 1637291157.410185, 1637291162.8753366, 1637291164.5480185, 1637291166.3204732, 1637291168.0757074, 1637291169.7063613, 1637291171.2897666, 1637291172.9247334],