{"initial_reset_timestamp": 1637286492.5302067, "timestamps": [1637286492.7249773, 1637286492.918434, 1637286493.1128566, 1637286493.3064878, 1637286493.5016549, 1637286493.703957, 1637286493.9058063, 1637286496.9456916, 1637286497.1444328, 1637286497.378834, 1637286497.5743058, 1637286497.8299096, 1637286498.0402982, 1637286498.285081, 1637286501.7539365, 1637286501.9821403, 1637286502.1786149, 1637286502.374641, 1637286502.5806766, 1637286502.7972727, 1637286503.000294, 1637286516.3476393, 1637286516.5751064, 1637286516.7966971, 1637286517.0791228, 1637286517.2827218, 1637286517.540805, 1637286517.7703652, 1637286533.7699797, 1637286534.0436738, 1637286534.353339, 1637286534.6715896, 1637286534.9833899, 1637286535.303227, 1637286535.6097193, 1637286555.103647, 1637286555.4755964, 1637286555.8642068, 1637286556.240687, 1637286556.5812287, 1637286557.0168557, 1637286557.3637447, 1637286578.0347462, 1637286578.4445076, 1637286578.8452227, 1637286579.1958075, 1637286579.6148303, 1637286579.9653704, 1637286580.3610752, 1637286601.1945586, 1637286601.5285563, 1637286601.9188175, 1637286602.27716, 1637286602.6229906, 1637286602.9793224, 1637286603.3796895, 1637286623.9810066, 1637286624.4348793, 1637286624.8102221, 1637286625.2251704, 1637286625.6363626, 1637286626.0214684, 1637286626.3988097, 1637286647.7171168, 1637286648.137465, 1637286648.538034, 1637286648.9674265, 1637286649.4363847, 1637286649.8696206, 1637286650.2578907, 1637286671.5029416, 1637286671.960734, 1637286672.367324, 1637286672.8310301, 1637286673.2489345, 1637286673.641455, 1637286674.081878, 1637286695.2712965, 1637286695.654642, 1637286696.0399997, 1637286696.4436724, 1637286696.827888, 1637286697.1681602, 1637286697.55371, 1637286718.2332187, 1637286718.6291249, 1637286719.0276551, 1637286719.414735, 1637286719.7962065, 1637286720.1660655, 1637286720.562482, 1637286741.5356069, 1637286741.897296, 1637286742.2798076, 1637286742.6296203, 1637286742.9852343, 1637286743.3852859, 1637286743.797559, 1637286764.8674245, 1637286765.251581, 1637286765.6331108, 1637286766.0364606, 1637286766.422355, 1637286766.7999551, 1637286767.226682, 1637286788.4663336, 1637286788.850416, 1637286789.2762473, 1637286789.6466188, 1637286790.0592885, 1637286790.482266, 1637286790.9115305, 1637286812.0737913, 1637286812.4947672, 1637286812.9462414, 1637286813.324709, 1637286813.693849, 1637286814.1787727, 1637286814.6327753, 1637286835.440682, 1637286835.8514793, 1637286836.3117194, 1637286836.7544706, 1637286837.148558, 1637286837.5682468, 1637286837.9825742, 1637286858.6548977, 1637286859.0431762, 1637286859.5030215, 1637286859.975546, 1637286860.4255865, 1637286860.7883596, 1637286861.1651561, 1637286881.9839034, 1637286882.4767897, 1637286882.8850558, 1637286883.2779782, 1637286883.648532, 1637286884.016782, 1637286884.394294, 1637286905.3770103, 1637286905.8447874, 1637286906.2381477, 1637286906.6063824, 1637286906.9924514, 1637286907.435859, 1637286907.8009443, 1637286928.9135396, 1637286929.2948015, 1637286929.745071, 1637286930.2231002, 1637286930.5835934, 1637286930.959125, 1637286931.3498275, 1637286952.455633, 1637286952.8692513, 1637286953.2532103, 1637286953.6463068, 1637286954.0731874, 1637286954.513742, 1637286954.8803499, 1637286975.6857858, 1637286976.0742505, 1637286976.4450898, 1637286976.8769567, 1637286977.2598443, 1637286977.6413915, 1637286978.059364, 1637286998.987331, 1637286999.3756537, 1637286999.7940624, 1637287000.2103083, 1637287000.6007454, 1637287000.9864793, 1637287001.3876286, 1637287021.9422157, 1637287022.312924, 1637287022.683959, 1637287023.0635364, 1637287023.4656217, 1637287023.9444356, 1637287024.3142383, 1637287044.4774797, 1637287044.8954234, 1637287045.3038821, 1637287045.6887245, 1637287046.071643, 1637287046.4826841, 1637287046.852608, 1637287067.2589862, 1637287067.634088, 1637287068.0210485, 1637287068.4110632, 1637287068.7696598, 1637287069.156072, 1637287069.5196028, 1637287089.9529624, 1637287090.351683, 1637287090.7230895, 1637287091.0528727, 1637287091.4598749, 1637287091.8376899, 1637287092.2352827, 1637287112.563018, 1637287112.9585676, 1637287113.3575602, 1637287113.7493415, 1637287114.135361, 1637287114.5158672, 1637287114.9002764, 1637287135.489585, 1637287135.877087, 1637287136.285515, 1637287136.6782823, 1637287137.0587707, 1637287137.4748764, 1637287137.8630931, 1637287158.5323627, 1637287158.9119604, 1637287159.291668, 1637287159.6605554, 1637287160.0628808, 1637287160.4273493, 1637287160.8137372, 1637287181.601079, 1637287181.979904, 1637287182.3426833, 1637287182.7287562, 1637287183.1462255, 1637287183.5440893, 1637287183.9474828, 1637287204.3250601, 1637287204.7266889, 1637287205.0923975, 1637287205.4791703, 1637287205.8668036, 1637287206.2633784, 1637287206.680327, 1637287227.2765987, 1637287227.636802, 1637287228.0241115, 1637287228.3913412, 1637287228.8053322, 1637287229.1759956, 1637287229.5757563, 1637287249.840341, 1637287250.197604, 1637287250.5811992, 1637287251.0121183, 1637287251.4504585, 1637287251.8414855, 1637287252.2614436, 1637287273.0960412, 1637287273.4587572, 1637287273.8746114, 1637287274.2426903, 1637287274.5890944, 1637287274.9454513, 1637287275.2833164, 1637287296.0751414, 1637287296.4441245, 1637287296.8940315, 1637287297.2568076, 1637287297.6179616, 1637287298.0256305, 1637287298.4194353, 1637287318.9933, 1637287319.3996477, 1637287319.8288963, 1637287320.2513928, 1637287320.643431, 1637287321.0872674, 1637287321.46345, 1637287341.6566825, 1637287342.0494194, 1637287342.428275, 1637287342.844599, 1637287343.223128, 1637287343.6103556, 1637287343.9987602, 1637287364.7335455, 1637287365.1155324, 1637287365.4973803, 1637287365.891871, 1637287366.2905073, 1637287366.679625, 1637287367.0647879, 1637287387.590102, 1637287387.9888396, 1637287388.374977, 1637287388.7611294, 1637287389.1424644, 1637287389.5351794, 1637287389.9497547, 1637287410.566067, 1637287410.9694645, 1637287411.3414714, 1637287411.691145, 1637287412.0469384, 1637287412.386632, 1637287412.7298844, 1637287433.4826038, 1637287433.868342, 1637287434.2809253, 1637287434.6864784, 1637287435.13085, 1637287435.5750453, 1637287435.9572222, 1637287456.8946424, 1637287457.2825742, 1637287457.693533, 1637287458.0734038, 1637287458.5213144, 1637287458.9532611, 1637287459.3696887, 1637287479.9096787, 1637287480.326397, 1637287480.729385, 1637287481.1483002, 1637287481.5873883, 1637287481.9964561, 1637287482.4533944, 1637287503.0164323, 1637287503.4385886, 1637287503.915891, 1637287504.3044417, 1637287504.6877146, 1637287505.0982199, 1637287505.5242362, 1637287526.0232272, 1637287526.462123, 1637287526.824641, 1637287527.22587, 1637287527.6381326, 1637287528.0225146, 1637287528.3762887, 1637287549.2849758, 1637287549.6943564, 1637287550.092653, 1637287550.4914162, 1637287550.898442, 1637287551.3023064, 1637287551.6454964, 1637287572.3038568, 1637287572.7238362, 1637287573.1715477, 1637287573.5733619, 1637287574.0299108, 1637287574.4688432, 1637287574.8970842],