{"initial_reset_timestamp": 1637286490.8862138, "timestamps": [1637286493.9649098, 1637286494.2136002, 1637286494.6248, 1637286494.997161, 1637286495.3517814, 1637286495.7004545, 1637286498.3934655, 1637286498.784628, 1637286499.157716, 1637286499.5081272, 1637286499.8652608, 1637286500.2068954, 1637286500.5540311, 1637286504.036607, 1637286505.8928938, 1637286507.6420114, 1637286509.3524382, 1637286511.245781, 1637286513.2415674, 1637286515.116034, 1637286519.5095074, 1637286521.7024264, 1637286523.865494, 1637286526.0687158, 1637286528.3133981, 1637286530.747877, 1637286536.297272, 1637286538.8618245, 1637286541.546221, 1637286544.0441031, 1637286546.7236621, 1637286549.566359, 1637286552.3771868, 1637286559.1619534, 1637286560.3786783, 1637286563.0856624, 1637286565.892748, 1637286568.6994865, 1637286571.5590084, 1637286574.522414, 1637286581.4793441, 1637286584.3957024, 1637286587.3361769, 1637286590.200117, 1637286592.9441519, 1637286595.8192677, 1637286598.7578557, 1637286605.3240907, 1637286608.2070782, 1637286611.1240191, 1637286613.9604008, 1637286616.6474547, 1637286619.3970265, 1637286626.5786917, 1637286629.3898053, 1637286632.3668733, 1637286635.2962744, 1637286638.1693895, 1637286640.989203, 1637286644.040051, 1637286651.3311121, 1637286654.2704659, 1637286657.2551165, 1637286660.0715356, 1637286662.910142, 1637286665.7160032, 1637286668.5891047, 1637286669.4458013, 1637286676.8426535, 1637286679.681481, 1637286682.6609693, 1637286685.6701674, 1637286688.6019337, 1637286691.595038, 1637286698.4142218, 1637286701.2379289, 1637286704.0809932, 1637286706.9236233, 1637286709.687698, 1637286712.5541909, 1637286715.4668672, 1637286722.3421533, 1637286725.1794648, 1637286728.0140336, 1637286730.8185477, 1637286733.6973088, 1637286736.6332922, 1637286739.5679538, 1637286746.5746427, 1637286749.4874682, 1637286752.3681803, 1637286755.2162023, 1637286758.1805482, 1637286761.2472105, 1637286768.107455, 1637286770.9937205, 1637286773.8397477, 1637286776.7305882, 1637286779.6759543, 1637286782.594817, 1637286785.464575, 1637286792.674545, 1637286795.6321845, 1637286798.5679085, 1637286801.5822074, 1637286804.504856, 1637286807.3714874, 1637286810.1483128, 1637286817.333094, 1637286820.2074614, 1637286822.9568436, 1637286825.7918208, 1637286828.7407937, 1637286831.6490314, 1637286838.8328168, 1637286841.7608335, 1637286844.2691185, 1637286847.0568013, 1637286849.904695, 1637286852.8015795, 1637286855.6270154, 1637286862.6791542, 1637286865.4270418, 1637286868.222764, 1637286871.067061, 1637286873.9801142, 1637286876.8289657, 1637286879.7183874, 1637286886.6053834, 1637286889.3462532, 1637286892.101134, 1637286894.9286664, 1637286897.993543, 1637286900.9731796, 1637286908.0696552, 1637286911.0109937, 1637286913.9172287, 1637286916.7965639, 1637286919.7410948, 1637286922.595144, 1637286925.5116694, 1637286932.518886, 1637286935.387733, 1637286938.2197337, 1637286941.2368877, 1637286944.0957155, 1637286946.8844638, 1637286949.894708, 1637286956.9186585, 1637286959.8532548, 1637286962.653265, 1637286965.5468752, 1637286968.450615, 1637286971.3670237, 1637286978.348969, 1637286981.266342, 1637286984.0755806, 1637286986.9567149, 1637286989.6694071, 1637286992.5716615, 1637286995.4435878, 1637287002.2785554, 1637287005.17699, 1637287007.9007802, 1637287010.8220718, 1637287013.7240462, 1637287016.5851293, 1637287019.404505, 1637287026.0737615, 1637287028.8125944, 1637287031.6461408, 1637287034.4850094, 1637287037.3369246, 1637287040.1107876, 1637287046.8828552, 1637287049.6450715, 1637287052.3969316, 1637287055.1624997, 1637287058.064242, 1637287060.8917017, 1637287063.7071497, 1637287070.4479454, 1637287073.223832, 1637287075.9897268, 1637287078.843973, 1637287081.6815188, 1637287084.5000534, 1637287087.3160172, 1637287093.9851003, 1637287096.7832282, 1637287099.528999, 1637287102.395618, 1637287105.3060942, 1637287108.161587, 1637287114.9248083, 1637287117.738404, 1637287120.5770605, 1637287123.4142702, 1637287126.1659954, 1637287129.0679998, 1637287131.8052063, 1637287138.755639, 1637287141.6453958, 1637287144.470091, 1637287147.37854, 1637287150.2245243, 1637287153.0027416, 1637287155.8177798, 1637287162.600355, 1637287165.4514375, 1637287168.299849, 1637287171.1727335, 1637287174.081141, 1637287176.4280975, 1637287179.2694318, 1637287186.1318176, 1637287188.954943, 1637287191.7468216, 1637287194.621108, 1637287197.5039747, 1637287200.2729757, 1637287207.0776868, 1637287209.923071, 1637287212.741476, 1637287215.6170065, 1637287218.4347484, 1637287221.2102969, 1637287224.01975, 1637287230.779593, 1637287233.608306, 1637287236.363833, 1637287239.259597, 1637287242.1223662, 1637287244.9248807, 1637287247.563874, 1637287254.4797778, 1637287257.212493, 1637287260.092818, 1637287262.9321024, 1637287265.9191601, 1637287268.685335, 1637287275.7025895, 1637287278.525123, 1637287281.3492541, 1637287284.1872838, 1637287287.1021125, 1637287290.007886, 1637287292.7559683, 1637287299.694926, 1637287302.5280614, 1637287305.3394215, 1637287308.196217, 1637287311.0537233, 1637287313.9049509, 1637287316.749325, 1637287323.620687, 1637287326.3262143, 1637287329.1585965, 1637287331.9591243, 1637287334.7649958, 1637287337.583265, 1637287344.4094837, 1637287345.455688, 1637287348.2388887, 1637287351.0058615, 1637287353.8247416, 1637287356.715616, 1637287359.4633045, 1637287362.3833675, 1637287369.2921085, 1637287372.0281, 1637287374.7728, 1637287377.6431844, 1637287380.44406, 1637287382.3827999, 1637287385.200552, 1637287392.1718915, 1637287395.020912, 1637287397.6976378, 1637287400.5156612, 1637287403.384261, 1637287406.2015545, 1637287413.056752, 1637287415.9225054, 1637287418.778618, 1637287421.6633198, 1637287424.4384913, 1637287427.2452958, 1637287430.0971985, 1637287437.2104278, 1637287440.0989113, 1637287442.95932, 1637287445.7894638, 1637287448.6566625, 1637287451.450041, 1637287454.2474604, 1637287461.467358, 1637287464.3756268, 1637287467.1698582, 1637287470.0660818, 1637287472.8750901, 1637287475.7559927, 1637287482.7962165, 1637287485.5985928, 1637287488.385461, 1637287491.2977138, 1637287494.1433086, 1637287496.9294667, 1637287499.7697737, 1637287506.7239897, 1637287509.57932, 1637287512.3932827, 1637287515.2655652, 1637287518.0058246, 1637287520.7577686, 1637287523.5140257, 1637287530.5954113, 1637287533.4252605, 1637287536.3062298, 1637287538.6459985, 1637287541.475559, 1637287544.3966234, 1637287547.1438003, 1637287554.1409543, 1637287556.966948, 1637287559.8027842, 1637287562.6877697, 1637287565.5501237, 1637287568.3983762, 1637287575.6399, 1637287578.522092, 1637287581.3995566, 1637287584.2568908, 1637287587.1316442, 1637287589.9854875, 1637287592.868765],