{"initial_reset_timestamp": 1637286507.2304683, "timestamps": [1637286507.4437528, 1637286507.660393, 1637286507.880721, 1637286508.1036363, 1637286508.3195207, 1637286508.531458, 1637286508.742445, 1637286512.0397942, 1637286512.3200853, 1637286512.609189, 1637286512.8854973, 1637286513.1581988, 1637286513.4260418, 1637286513.6536794, 1637286517.7741218, 1637286518.055001, 1637286518.2854369, 1637286518.5058575, 1637286518.7547112, 1637286518.9882352, 1637286519.2104883, 1637286535.4687724, 1637286535.8117445, 1637286536.149039, 1637286536.5063708, 1637286536.795574, 1637286537.1825938, 1637286537.5134096, 1637286557.1084335, 1637286557.490824, 1637286557.8894744, 1637286558.287305, 1637286558.808338, 1637286559.190703, 1637286559.6025465, 1637286579.69123, 1637286580.0518765, 1637286580.4129343, 1637286580.788784, 1637286581.153715, 1637286581.5285969, 1637286581.9196637, 1637286602.8688219, 1637286603.2483022, 1637286603.6174273, 1637286604.02421, 1637286604.3801372, 1637286604.7823462, 1637286605.1728313, 1637286626.2372239, 1637286626.6498678, 1637286627.015768, 1637286627.4149706, 1637286627.7918944, 1637286628.1762538, 1637286628.5970638, 1637286649.632994, 1637286649.997462, 1637286650.3341446, 1637286650.7031796, 1637286651.0824404, 1637286651.4881928, 1637286651.872034, 1637286672.45946, 1637286672.8447616, 1637286673.256021, 1637286673.6257486, 1637286674.074722, 1637286674.4157038, 1637286674.7781885, 1637286695.920736, 1637286696.3253756, 1637286696.6969154, 1637286697.0520022, 1637286697.4206014, 1637286697.8441072, 1637286698.1985848, 1637286718.5473776, 1637286718.9266768, 1637286719.3029325, 1637286719.6898675, 1637286720.0744648, 1637286720.4665508, 1637286720.858416, 1637286741.5721912, 1637286741.9213479, 1637286742.3109362, 1637286742.6739705, 1637286743.0661752, 1637286743.4664547, 1637286743.8370717, 1637286764.746322, 1637286765.1309304, 1637286765.5037835, 1637286765.936454, 1637286766.386639, 1637286766.8164093, 1637286767.241779, 1637286788.129437, 1637286788.5372148, 1637286788.9535646, 1637286789.3351452, 1637286789.6982536, 1637286790.1278238, 1637286790.4988384, 1637286811.4449735, 1637286811.8531516, 1637286812.2650764, 1637286812.7135873, 1637286813.1270564, 1637286813.527709, 1637286813.9329526, 1637286834.602443, 1637286834.9926784, 1637286835.3843596, 1637286835.753894, 1637286836.1326253, 1637286836.5117612, 1637286836.9862187, 1637286857.4345958, 1637286857.8125372, 1637286858.1997995, 1637286858.588714, 1637286858.979328, 1637286859.383086, 1637286859.7485068, 1637286880.3461702, 1637286880.705133, 1637286881.0940747, 1637286881.46102, 1637286881.8529158, 1637286882.2627594, 1637286882.6273935, 1637286903.496724, 1637286903.8481824, 1637286904.2303224, 1637286904.6113684, 1637286905.0048277, 1637286905.378669, 1637286905.73762, 1637286926.4069586, 1637286926.8214486, 1637286927.1954892, 1637286927.6018412, 1637286928.0259957, 1637286928.4287603, 1637286928.8943422, 1637286949.3115554, 1637286949.661979, 1637286950.0537145, 1637286950.433478, 1637286950.7944643, 1637286951.1717243, 1637286951.5929759, 1637286951.9736862, 1637286972.9310143, 1637286973.284265, 1637286973.640936, 1637286974.0105634, 1637286974.3617208, 1637286974.7375216, 1637286975.1198702, 1637286995.9831915, 1637286996.3582692, 1637286996.7638106, 1637286997.1481066, 1637286997.5429714, 1637286997.9359949, 1637286998.345954, 1637287018.250085, 1637287018.601377, 1637287019.0185666, 1637287019.4328604, 1637287019.8241172, 1637287020.2080429, 1637287020.5845392, 1637287040.6563346, 1637287041.047373, 1637287041.424367, 1637287041.8038914, 1637287042.2072263, 1637287042.5578032, 1637287042.966804, 1637287062.984962, 1637287063.3298697, 1637287063.77348, 1637287064.172982, 1637287064.5270326, 1637287064.7728887, 1637287065.1264184, 1637287065.4817822, 1637287085.6692762, 1637287086.053185, 1637287086.4379845, 1637287086.81591, 1637287087.2112665, 1637287087.5813332, 1637287087.973117, 1637287108.346863, 1637287108.742829, 1637287109.1293068, 1637287109.3832242, 1637287109.8485465, 1637287110.2479956, 1637287110.6026208, 1637287110.9969568, 1637287131.0442836, 1637287131.4312081, 1637287131.7874913, 1637287132.1743643, 1637287132.5729523, 1637287132.959368, 1637287133.336591, 1637287153.86503, 1637287154.2187304, 1637287154.6189606, 1637287154.9887795, 1637287155.414975, 1637287155.8028803, 1637287156.1670058, 1637287176.6640046, 1637287177.0838394, 1637287177.433324, 1637287177.7827835, 1637287178.1614032, 1637287178.5708592, 1637287178.9590032, 1637287199.0981586, 1637287199.4908278, 1637287199.738562, 1637287200.0954018, 1637287200.4740424, 1637287200.814496, 1637287201.200105, 1637287201.5829568, 1637287222.0271926, 1637287222.4027123, 1637287222.7964103, 1637287223.2153058, 1637287223.5871475, 1637287223.971082, 1637287224.3565972, 1637287244.7453983, 1637287245.1704736, 1637287245.5964172, 1637287245.9922361, 1637287246.4015412, 1637287246.7624476, 1637287247.158734, 1637287267.5866406, 1637287267.9688628, 1637287268.3272612, 1637287268.6902807, 1637287269.0478983, 1637287269.40575, 1637287269.7820938, 1637287289.921776, 1637287290.3535135, 1637287290.760013, 1637287291.1416798, 1637287291.5390208, 1637287291.9718425, 1637287292.3557258, 1637287312.448298, 1637287312.8610842, 1637287313.2421875, 1637287313.5744543, 1637287313.9335866, 1637287314.3298907, 1637287314.7108424, 1637287334.9063258, 1637287335.2829282, 1637287335.6619458, 1637287335.8402512, 1637287336.2200744, 1637287336.5809555, 1637287336.8946323, 1637287337.2940688, 1637287357.4260445, 1637287357.7844703, 1637287358.16287, 1637287358.629654, 1637287359.0723853, 1637287359.4556692, 1637287359.7117355, 1637287360.0892243, 1637287380.5882413, 1637287380.9279463, 1637287381.3106303, 1637287381.6786046, 1637287382.053625, 1637287382.4202511, 1637287382.821059, 1637287403.3452475, 1637287403.6459289, 1637287404.0037608, 1637287404.3752387, 1637287404.7639623, 1637287405.1321795, 1637287405.4945223, 1637287405.8468783, 1637287425.9535372, 1637287426.3231866, 1637287426.7403865, 1637287427.1532013, 1637287427.5476265, 1637287427.988076, 1637287428.3670108, 1637287428.7581317, 1637287448.985585, 1637287449.338262, 1637287449.767839, 1637287449.9668827, 1637287450.3156526, 1637287450.6185822, 1637287451.005478, 1637287451.4022346, 1637287471.833724, 1637287472.2371848, 1637287472.6507888, 1637287473.0317726, 1637287473.4298441, 1637287473.8064942, 1637287474.174045, 1637287494.426718, 1637287494.8704937, 1637287495.2595065, 1637287495.5533931, 1637287495.9177861, 1637287496.2837944, 1637287496.6859944, 1637287496.9370105, 1637287517.572104, 1637287517.9396467, 1637287518.3722436, 1637287518.7787883, 1637287519.1929362, 1637287519.614204, 1637287520.0347624, 1637287540.4270139, 1637287540.8759592, 1637287541.0845952, 1637287541.5031095, 1637287541.891928, 1637287542.1214247, 1637287542.4981234, 1637287542.876426, 1637287543.236711, 1637287563.3908002, 1637287563.736444, 1637287564.0018477, 1637287564.3334641, 1637287564.6467216, 1637287565.0282967, 1637287565.3827074, 1637287565.786474, 1637287586.101018, 1637287586.4597478, 1637287586.819795, 1637287587.2164109, 1637287587.5946412, 1637287588.0213032, 1637287588.3879418],