{"initial_reset_timestamp": 1637286505.4651556, "timestamps": [1637286508.8071992, 1637286509.0910501, 1637286509.501841, 1637286509.889013, 1637286510.2605667, 1637286510.6373444, 1637286513.7041104, 1637286514.1168551, 1637286514.498903, 1637286514.8749003, 1637286515.354787, 1637286515.7305849, 1637286516.1022935, 1637286520.2195954, 1637286522.3377082, 1637286524.4260612, 1637286526.5920823, 1637286528.8100576, 1637286530.0088353, 1637286532.4161038, 1637286538.318135, 1637286540.8905902, 1637286543.3400095, 1637286546.062671, 1637286548.9425223, 1637286551.7464287, 1637286554.4562852, 1637286561.3197346, 1637286564.0272067, 1637286566.8638167, 1637286569.5971806, 1637286572.3992314, 1637286575.2843115, 1637286581.9247532, 1637286584.7897446, 1637286587.6762772, 1637286590.5469038, 1637286593.284795, 1637286595.8871477, 1637286598.8670318, 1637286605.7899284, 1637286607.2354925, 1637286608.6649141, 1637286611.5538726, 1637286614.403724, 1637286617.1103046, 1637286619.9838874, 1637286622.9563415, 1637286630.085331, 1637286632.978648, 1637286635.7942276, 1637286638.6815035, 1637286641.4841168, 1637286644.5384455, 1637286647.453211, 1637286654.2302597, 1637286657.10835, 1637286659.938917, 1637286662.7695074, 1637286665.5713024, 1637286668.5140076, 1637286675.4221115, 1637286678.2616456, 1637286681.127789, 1637286684.0429125, 1637286686.9571478, 1637286689.8735468, 1637286692.9205508, 1637286699.6710992, 1637286702.415857, 1637286705.2134733, 1637286707.9175122, 1637286710.682851, 1637286713.5061057, 1637286716.3277025, 1637286723.2613752, 1637286726.1261992, 1637286728.9983785, 1637286731.832412, 1637286734.66171, 1637286737.5507202, 1637286744.441245, 1637286747.310587, 1637286750.2491794, 1637286752.105656, 1637286754.910687, 1637286757.8004782, 1637286760.75906, 1637286767.759973, 1637286770.7114935, 1637286773.6160553, 1637286776.4331028, 1637286779.3117917, 1637286782.1406927, 1637286784.9047563, 1637286791.85032, 1637286794.7185295, 1637286797.6708224, 1637286800.6022584, 1637286803.385147, 1637286806.2656732, 1637286809.0804691, 1637286816.3581457, 1637286818.7720454, 1637286821.4654598, 1637286824.2494893, 1637286827.1330817, 1637286830.0621421, 1637286837.0264618, 1637286839.8609843, 1637286842.714516, 1637286845.439204, 1637286848.2036707, 1637286851.0521965, 1637286853.8918674, 1637286860.6965868, 1637286861.9917576, 1637286864.8424714, 1637286867.5653346, 1637286870.4793553, 1637286873.3952346, 1637286876.2821538, 1637286882.9525611, 1637286885.7749376, 1637286888.563308, 1637286891.466533, 1637286894.2835567, 1637286897.221108, 1637286900.1828866, 1637286906.939671, 1637286909.8384793, 1637286912.7527766, 1637286915.5183468, 1637286918.3393846, 1637286921.1871552, 1637286924.118673, 1637286931.0349665, 1637286933.933931, 1637286936.7799954, 1637286939.565454, 1637286942.473141, 1637286945.273208, 1637286952.3050895, 1637286955.1665592, 1637286958.0715425, 1637286960.8896444, 1637286963.7439444, 1637286966.634784, 1637286969.5477357, 1637286976.273382, 1637286979.1728642, 1637286982.120519, 1637286984.8674984, 1637286987.844242, 1637286990.7214704, 1637286993.61092, 1637287000.35006, 1637287003.1060343, 1637287005.7903714, 1637287008.6160536, 1637287011.4556527, 1637287014.3092854, 1637287020.9111133, 1637287023.6794717, 1637287026.4025204, 1637287029.048554, 1637287031.857156, 1637287034.7100322, 1637287037.4650803, 1637287044.1700056, 1637287046.9519541, 1637287049.6946578, 1637287052.4987292, 1637287055.2541494, 1637287058.0654635, 1637287060.7934427, 1637287067.5847538, 1637287070.3630579, 1637287073.1664333, 1637287075.93613, 1637287078.7616396, 1637287081.5575244, 1637287088.2930634, 1637287091.0745902, 1637287093.862615, 1637287096.6666613, 1637287099.4650943, 1637287102.3151004, 1637287105.1802955, 1637287112.1584265, 1637287114.9256322, 1637287117.7220612, 1637287120.4376457, 1637287123.2208624, 1637287125.982541, 1637287128.7501385, 1637287135.408195, 1637287138.1489167, 1637287140.9487932, 1637287143.625574, 1637287146.4321241, 1637287149.2243495, 1637287156.488803, 1637287159.286097, 1637287162.0438118, 1637287164.8040924, 1637287167.6058981, 1637287170.4095976, 1637287173.3237357, 1637287180.135502, 1637287182.8618724, 1637287185.6099494, 1637287188.4186401, 1637287191.1174383, 1637287193.922514, 1637287196.736744, 1637287203.6325705, 1637287206.4291587, 1637287209.2299235, 1637287212.0338633, 1637287214.885543, 1637287217.7549152, 1637287224.6892846, 1637287227.463455, 1637287230.2265263, 1637287232.9402585, 1637287235.7126138, 1637287238.540468, 1637287241.3661163, 1637287248.3398583, 1637287251.0812757, 1637287253.9530997, 1637287256.7194946, 1637287259.5436978, 1637287262.483544, 1637287265.2834945, 1637287271.815236, 1637287274.6872892, 1637287277.477084, 1637287280.1980767, 1637287282.9512584, 1637287285.7637944, 1637287292.6681528, 1637287295.4873948, 1637287298.2359953, 1637287300.956511, 1637287303.7251225, 1637287306.3912055, 1637287309.2249744, 1637287315.8673015, 1637287318.6948175, 1637287321.3971648, 1637287324.1358976, 1637287326.907358, 1637287329.6627128, 1637287332.494144, 1637287339.4104874, 1637287342.1630409, 1637287345.010004, 1637287347.7263048, 1637287350.4503715, 1637287353.2761996, 1637287360.404723, 1637287363.2519114, 1637287365.9921496, 1637287368.8228376, 1637287371.6118534, 1637287374.382831, 1637287377.1543517, 1637287384.0131714, 1637287386.8103378, 1637287389.5914414, 1637287392.480083, 1637287395.2567978, 1637287398.0076625, 1637287400.847085, 1637287407.9563115, 1637287410.6996748, 1637287413.51046, 1637287416.2876315, 1637287419.0888004, 1637287421.9220035, 1637287429.0906067, 1637287431.8620431, 1637287434.7323604, 1637287437.5535285, 1637287440.3583262, 1637287443.046868, 1637287445.8697703, 1637287452.5981576, 1637287455.4054666, 1637287458.105097, 1637287460.8926408, 1637287463.6528695, 1637287466.3929427, 1637287469.2184925, 1637287476.322618, 1637287479.1181889, 1637287481.8268082, 1637287484.6501133, 1637287487.3546598, 1637287490.1275582, 1637287497.257851, 1637287500.1402287, 1637287502.964389, 1637287505.7443612, 1637287508.5637786, 1637287511.3385525, 1637287514.117086, 1637287521.1797159, 1637287523.9331744, 1637287526.6807299, 1637287529.4282312, 1637287532.2866375, 1637287535.111621, 1637287537.837325, 1637287545.3088481, 1637287548.0621402, 1637287550.8085756, 1637287553.595856, 1637287556.3893006, 1637287559.2334073, 1637287566.1111636, 1637287568.9652472, 1637287571.716567, 1637287574.4110618, 1637287577.2256389, 1637287580.0217218, 1637287582.9147632, 1637287589.6162937, 1637287592.4918623, 1637287595.1935494, 1637287597.789561, 1637287600.402951, 1637287603.076179, 1637287605.7710595],