{"initial_reset_timestamp": 1637358657.3674495, "timestamps": [1637358662.3565714, 1637358662.6336823, 1637358662.9648576, 1637358663.401245, 1637358663.8211503, 1637358664.2003582, 1637358664.6568468, 1637358665.0636697, 1637358665.4381206, 1637358665.81018, 1637358670.9463022, 1637358671.3760688, 1637358671.8059506, 1637358672.189505, 1637358672.5469487, 1637358672.9919891, 1637358673.5180743, 1637358673.9671636, 1637358674.364339, 1637358674.7074747, 1637358680.8151393, 1637358682.274075, 1637358683.6805048, 1637358685.0197883, 1637358686.4975307, 1637358687.857976, 1637358689.2275589, 1637358690.6125226, 1637358692.0151494, 1637358693.4350684, 1637358699.1058495, 1637358700.5727835, 1637358702.1142323, 1637358703.6450288, 1637358705.0058606, 1637358706.3648167, 1637358707.9034994, 1637358709.3201296, 1637358710.6643867, 1637358712.083354, 1637358717.8829243, 1637358719.1692848, 1637358720.2512262, 1637358721.729399, 1637358723.1509857, 1637358724.524438, 1637358725.953343, 1637358727.6091797, 1637358729.2853756, 1637358730.918883, 1637358736.9977062, 1637358738.7378743, 1637358740.4355695, 1637358742.2432406, 1637358744.0145042, 1637358745.8248987, 1637358747.4805362, 1637358749.1665719, 1637358750.9306512, 1637358752.3755457, 1637358759.2130966, 1637358760.973241, 1637358762.75304, 1637358764.383581, 1637358766.0875232, 1637358767.6436884, 1637358769.0474548, 1637358770.421236, 1637358771.9533892, 1637358773.6344888, 1637358774.4334579, 1637358775.6258805, 1637358782.2974708, 1637358783.975158, 1637358785.7185826, 1637358787.2242835, 1637358788.539761, 1637358790.1304066, 1637358791.7903273, 1637358793.4920852, 1637358794.3827608, 1637358796.057214, 1637358797.5238116, 1637358804.0472052, 1637358805.7884068, 1637358807.5472977, 1637358809.3139198, 1637358811.0580766, 1637358812.292963, 1637358814.0285952, 1637358815.7418401, 1637358817.2696788, 1637358818.8586347, 1637358820.6674063, 1637358827.5199392, 1637358828.646196, 1637358830.452227, 1637358832.2671893, 1637358833.9164345, 1637358835.6466217, 1637358837.461609, 1637358839.1431038, 1637358840.8238108, 1637358842.602383, 1637358849.3960137, 1637358851.122572, 1637358852.808158, 1637358854.3901355, 1637358856.099652, 1637358857.8617237, 1637358859.589142, 1637358861.3933222, 1637358863.2121015, 1637358864.8761215, 1637358871.9430478, 1637358873.759612, 1637358875.4137855, 1637358877.1627443, 1637358878.845659, 1637358880.6273682, 1637358882.3250494, 1637358883.9897587, 1637358885.826832, 1637358887.5642645, 1637358894.588112, 1637358896.2334716, 1637358898.0328488, 1637358899.6870759, 1637358901.3730743, 1637358902.6441963, 1637358904.4807956, 1637358906.2099922, 1637358907.895971, 1637358909.0918093, 1637358910.7251532, 1637358917.8648472, 1637358919.6361558, 1637358921.322582, 1637358923.0483549, 1637358924.6166742, 1637358926.4540124, 1637358928.1738725, 1637358929.8698618, 1637358931.6369143, 1637358933.4657316, 1637358940.3526864, 1637358942.1029313, 1637358943.7850473, 1637358945.5077868, 1637358947.271011, 1637358948.9729836, 1637358950.6696248, 1637358952.435507, 1637358954.165759, 1637358955.9888704, 1637358963.358835, 1637358965.1171196, 1637358966.9221098, 1637358968.516689, 1637358969.6215222, 1637358971.381862, 1637358973.0738711, 1637358974.776154, 1637358976.4899468, 1637358978.236028, 1637358979.9662006, 1637358987.2452183, 1637358988.9839194, 1637358990.4089992, 1637358991.7184703, 1637358993.4979062, 1637358995.1624398, 1637358996.8494716, 1637358998.5570533, 1637359000.3185518, 1637359002.0029607, 1637359008.8294413, 1637359010.6014254, 1637359012.4942462, 1637359014.2350645, 1637359015.9624767, 1637359017.6115153, 1637359019.358316, 1637359020.9585643, 1637359022.7384868, 1637359024.5212643, 1637359031.1596847, 1637359032.8623877, 1637359034.6914961, 1637359036.241307, 1637359037.3908162, 1637359039.1628575, 1637359040.9077501, 1637359042.6657119, 1637359044.4552686, 1637359046.167678, 1637359047.9515002, 1637359055.1720757, 1637359056.884356, 1637359058.6964588, 1637359060.3536816, 1637359062.126352, 1637359063.8584933, 1637359064.7811356, 1637359066.4704397, 1637359068.2620678, 1637359069.968833, 1637359077.179488, 1637359078.986743, 1637359080.7304344, 1637359082.543748, 1637359084.2644792, 1637359085.999472, 1637359087.7382865, 1637359088.955837, 1637359090.7174747, 1637359092.405969, 1637359094.2643301, 1637359101.1759794, 1637359102.8842382, 1637359104.644687, 1637359106.4711056, 1637359108.1739564, 1637359109.926031, 1637359111.6652668, 1637359113.5806377, 1637359115.3819242, 1637359117.208543, 1637359124.9129293, 1637359126.278062, 1637359128.0429428, 1637359129.8801928, 1637359131.5112896, 1637359133.3707528, 1637359134.2158, 1637359136.001104, 1637359137.7417848, 1637359139.462452, 1637359140.6024928, 1637359147.686184, 1637359149.504924, 1637359151.2957385, 1637359153.041705, 1637359154.715379, 1637359156.4395118, 1637359158.1975205, 1637359159.8872962, 1637359161.6950722, 1637359163.4462402, 1637359169.8433793, 1637359171.3438492, 1637359172.7799258, 1637359174.2530055, 1637359175.7123585, 1637359177.4058645, 1637359179.0083017, 1637359180.4796774, 1637359182.0467358, 1637359183.4600568, 1637359191.511911, 1637359193.140605, 1637359194.3323085, 1637359195.9108613, 1637359197.5055218, 1637359199.0379534, 1637359200.6327765, 1637359202.2269747, 1637359203.8391876, 1637359205.468851, 1637359212.1034355, 1637359213.8121288, 1637359215.5316036, 1637359217.249986, 1637359218.9282303, 1637359220.418564, 1637359222.1593142, 1637359223.9021175, 1637359225.7593925, 1637359227.4979625, 1637359236.2616446, 1637359238.017211, 1637359239.692465, 1637359241.4277408, 1637359243.2208014, 1637359245.0068715, 1637359246.7514703, 1637359248.6247604, 1637359249.483636, 1637359251.2401135, 1637359252.2363126, 1637359259.0139477, 1637359260.8407233, 1637359262.6096048, 1637359264.5202634, 1637359266.3497849, 1637359267.9778502, 1637359269.6849227, 1637359271.4445798, 1637359273.236177, 1637359274.9356017, 1637359276.7339978, 1637359283.3870635, 1637359285.096698, 1637359286.8099205, 1637359288.569283, 1637359290.2042162, 1637359291.3776805, 1637359293.2168736, 1637359294.9741275, 1637359296.895383, 1637359298.699075, 1637359305.5754855, 1637359306.570741, 1637359308.3622477, 1637359310.1945765, 1637359311.6624596, 1637359313.495544, 1637359314.6947265, 1637359316.359538, 1637359317.1798913, 1637359318.1371548, 1637359319.8361492, 1637359321.5793433, 1637359323.335099, 1637359330.1693523, 1637359331.9373262, 1637359333.7289069, 1637359335.4845479, 1637359336.9245863, 1637359338.313381, 1637359340.0617065, 1637359341.8677275, 1637359343.6873817, 1637359345.3824928, 1637359353.2040663, 1637359354.9078794, 1637359356.56002, 1637359358.2459621, 1637359359.963909, 1637359361.6244836, 1637359363.3774035, 1637359364.989054, 1637359366.6673694, 1637359368.4522367, 1637359369.4237964, 1637359376.9846256, 1637359378.6804206, 1637359380.4422593, 1637359382.2974405, 1637359384.0747986, 1637359385.8365872, 1637359387.0856643, 1637359388.8727303, 1637359390.6041844, 1637359392.3376389, 1637359399.363094, 1637359401.0739217, 1637359402.7533457, 1637359404.477993, 1637359406.207927, 1637359408.021843, 1637359409.7784128, 1637359411.5675979, 1637359413.0612693, 1637359414.7903426, 1637359422.7259693, 1637359423.9115584, 1637359425.6145954, 1637359427.374225, 1637359429.117279, 1637359430.8357882, 1637359432.5538013, 1637359434.3021967, 1637359436.1375306, 1637359437.3016477, 1637359438.934554, 1637359445.9904823, 1637359447.7630587, 1637359449.5821369, 1637359451.4800153, 1637359453.0895274, 1637359454.9631143, 1637359456.7808576, 1637359458.5832705, 1637359460.335126, 1637359462.1197858, 1637359470.2659523, 1637359472.0187633, 1637359473.8757615, 1637359475.6890223, 1637359477.4983482, 1637359479.2581844, 1637359481.0778832, 1637359482.9566913, 1637359484.699736, 1637359486.478446, 1637359487.865917, 1637359495.3723283, 1637359496.973988, 1637359498.760236, 1637359500.6079514, 1637359502.5429487, 