{"initial_reset_timestamp": 1637286546.3875914, "timestamps": [1637286552.068769, 1637286552.4888482, 1637286553.1057808, 1637286553.7856753, 1637286554.4713678, 1637286555.1288087, 1637286560.1282039, 1637286560.7540128, 1637286561.3529985, 1637286561.9612925, 1637286562.5582201, 1637286563.1608555, 1637286563.7520394, 1637286569.3910575, 1637286572.1459522, 1637286574.9911792, 1637286577.8770816, 1637286580.6833792, 1637286583.6748223, 1637286586.5211968, 1637286593.2718773, 1637286596.0941427, 1637286598.9981856, 1637286601.8607872, 1637286604.7097118, 1637286607.5903666, 1637286614.4929068, 1637286617.1640677, 1637286620.0404413, 1637286623.0330808, 1637286626.0302577, 1637286628.920108, 1637286631.8851478, 1637286638.3778884, 1637286641.1320553, 1637286644.1151307, 1637286647.0675604, 1637286648.2536128, 1637286651.0245678, 1637286653.948957, 1637286660.8222497, 1637286662.433412, 1637286665.2597826, 1637286668.0378115, 1637286670.7763827, 1637286673.6588452, 1637286675.0961726, 1637286677.1175067, 1637286684.1372046, 1637286687.0307937, 1637286689.9984808, 1637286690.7748637, 1637286692.7728634, 1637286694.3142166, 1637286697.0929449, 1637286698.9007895, 1637286701.6833837, 1637286708.4813075, 1637286710.7745109, 1637286713.138799, 1637286715.980895, 1637286718.6636658, 1637286721.415458, 1637286724.2103481, 1637286730.9670002, 1637286733.7941282, 1637286736.8306847, 1637286739.668545, 1637286742.45962, 1637286744.3673992, 1637286747.2812006, 1637286754.2023308, 1637286757.0367513, 1637286760.0165927, 1637286762.788139, 1637286765.455874, 1637286768.3443294, 1637286771.287203, 1637286778.0186784, 1637286780.9684024, 1637286783.8134947, 1637286786.1086109, 1637286788.8347032, 1637286791.3997588, 1637286792.7562056, 1637286799.7617397, 1637286802.5901275, 1637286805.566863, 1637286808.4010289, 1637286811.122507, 1637286813.7730422, 1637286815.899057, 1637286822.815861, 1637286825.6204813, 1637286828.5689423, 1637286830.3126338, 1637286833.2024784, 1637286835.9576163, 1637286838.7779448, 1637286839.6351128, 1637286845.488149, 1637286848.2147946, 1637286851.161617, 1637286853.9742362, 1637286856.7628148, 1637286859.7130013, 1637286862.580746, 1637286869.571105, 1637286872.4161196, 1637286875.2519908, 1637286878.1468246, 1637286880.9456818, 1637286883.6452546, 1637286886.4673703, 1637286893.2415838, 1637286896.2106287, 1637286899.0484643, 1637286901.9986215, 1637286904.73911, 1637286907.5429273, 1637286914.4475155, 1637286917.1707659, 1637286919.9598901, 1637286922.7649114, 1637286925.631335, 1637286928.4578927, 1637286931.3283544, 1637286938.3091717, 1637286941.1812935, 1637286943.9551003, 1637286946.6891482, 1637286949.5617032, 1637286952.4614043, 1637286955.4970868, 1637286962.2456353, 1637286965.082596, 1637286967.9819968, 1637286970.9271986, 1637286973.7704487, 1637286976.505606, 1637286984.6798296, 1637286987.5720084, 1637286990.4315515, 1637286993.3003008, 1637286996.1107187, 1637286998.864529, 1637287001.7138906, 1637287008.6570232, 1637287011.4837103, 1637287014.2532678, 1637287017.0177565, 1637287019.7977746, 1637287022.5321574, 1637287025.2025955, 1637287032.0865254, 1637287034.9077435, 1637287037.7045867, 1637287040.4725456, 1637287043.256943, 1637287046.0009987, 1637287055.145786, 1637287057.8867886, 1637287060.6472893, 1637287063.3620844, 1637287066.0760567, 1637287068.8463657, 1637287071.665838, 1637287081.5318854, 1637287084.4193146, 1637287087.1373756, 1637287089.9334712, 1637287092.7016518, 1637287095.4732351, 1637287098.2121508, 1637287107.6370645, 1637287110.3850913, 1637287113.189236, 1637287115.9123402, 1637287118.648312, 1637287121.4076416, 1637287131.8852777, 1637287134.6630895, 1637287137.396704, 1637287140.1987867, 1637287142.9584537, 1637287145.8220358, 1637287148.6573677, 1637287158.8803322, 1637287161.5729194, 1637287164.3274858, 1637287167.1820889, 1637287169.9442456, 1637287172.8106673, 1637287175.595034, 1637287185.9093163, 1637287188.6836312, 1637287191.5009317, 1637287194.2997181, 1637287197.1052692, 1637287199.9186785, 1637287211.0791833, 1637287213.9132748, 1637287216.6915023, 1637287219.4991457, 1637287222.3351896, 1637287224.9849448, 1637287227.8007472, 1637287240.1145992, 1637287242.8936348, 1637287245.5226336, 1637287248.2610443, 1637287251.0669606, 1637287253.9016333, 1637287256.6171677, 1637287266.3580813, 1637287269.131128, 1637287271.8735316, 1637287274.6534524, 1637287277.4293177, 1637287280.2546482, 1637287292.3273385, 1637287295.08347, 1637287297.9024482, 1637287300.6732414, 1637287303.459748, 1637287306.2650523, 1637287309.0752125, 1637287321.3402627, 1637287324.1131048, 1637287326.8526323, 1637287329.6321445, 1637287332.4900684, 1637287335.2537222, 1637287338.0891798, 1637287349.7675064, 1637287352.601132, 1637287355.353827, 1637287358.1820428, 1637287361.0750563, 1637287363.9749382, 1637287376.956698, 1637287379.7642684, 1637287382.5319133, 1637287385.3789186, 1637287388.127659, 1637287390.9217138, 1637287393.7834568, 1637287405.730516, 1637287408.5646274, 1637287411.280919, 1637287414.1419296, 1637287416.9878528, 1637287419.7463143, 1637287422.5348928, 1637287435.6004252, 1637287438.2805126, 1637287441.1081593, 1637287443.790214, 1637287446.6339147, 1637287449.4292257, 1637287461.0644898, 1637287463.8296208, 1637287466.503908, 1637287469.254706, 1637287472.0310948, 1637287474.8327546, 1637287477.6366036, 1637287490.7953537, 1637287493.5291355, 1637287496.2675192, 1637287498.9867694, 1637287501.7986102, 1637287504.6287599, 1637287507.3381934, 1637287520.651233, 1637287523.3780243, 1637287526.0726435, 1637287528.8081136, 1637287531.6366653, 1637287534.418697, 1637287547.06212, 1637287549.736659, 1637287552.403909, 1637287555.2040315, 1637287557.9651177, 1637287560.8436308, 1637287563.6190953, 1637287577.659902, 1637287580.3958306, 1637287583.1940773, 1637287586.0211, 1637287588.8108678, 1637287591.6567366, 1637287594.4219415, 1637287607.3238358, 1637287609.8183625, 1637287612.1949022, 1637287614.5695364, 1637287616.908336, 1637287619.2646208, 1637287630.658798, 1637287632.9008856, 1637287635.2900147, 1637287637.678599, 1637287640.1108956, 1637287642.466502, 1637287644.6131084, 1637287654.592826, 1637287656.7275977, 1637287658.6772344, 1637287660.5517232, 1637287662.3969557, 1637287664.2911468, 1637287666.208291, 1637287674.5936124, 1637287676.3689318, 1637287678.1057272, 1637287679.825323, 1637287681.6664724, 1637287683.5421822, 1637287691.849388, 1637287693.4465728, 1637287695.2190208, 1637287697.033041, 1637287698.8619468, 1637287700.6573834, 1637287702.4250283, 1637287710.0383394, 1637287711.8088493, 1637287713.558493, 1637287715.293116, 1637287717.0989368, 1637287718.8401527, 1637287720.5879903, 1637287728.714471, 1637287730.5570803, 1637287732.3843024, 1637287734.1641061, 1637287736.1563065, 1637287738.0025678],