{"initial_reset_timestamp": 1637358738.3320003, "timestamps": [1637358743.056089, 1637358743.4171627, 1637358744.0613475, 1637358744.64509, 1637358745.1569524, 1637358745.546687, 1637358749.5945787, 1637358750.0380456, 1637358750.5303223, 1637358750.9990954, 1637358751.557143, 1637358751.9857373, 1637358752.357369, 1637358756.8907235, 1637358759.2624714, 1637358761.6491425, 1637358763.9638205, 1637358765.9855587, 1637358768.34432, 1637358770.7150872, 1637358776.4285312, 1637358778.7087536, 1637358780.9606829, 1637358783.2938259, 1637358785.5578039, 1637358787.9818127, 1637358790.409027, 1637358795.729632, 1637358798.1654346, 1637358800.5503998, 1637358802.8717656, 1637358805.3445923, 1637358807.6194386, 1637358813.6180956, 1637358815.8861432, 1637358818.2961392, 1637358820.6745808, 1637358822.6122751, 1637358824.8172014, 1637358827.1457944, 1637358833.0383675, 1637358835.3186133, 1637358837.710873, 1637358839.9811518, 1637358842.3772397, 1637358844.7293453, 1637358846.950623, 1637358852.5719035, 1637358854.9581716, 1637358857.2475543, 1637358859.5605996, 1637358861.9794323, 1637358864.3120453, 1637358870.1821792, 1637358872.567119, 1637358874.8801055, 1637358877.1681535, 1637358879.6227984, 1637358881.9433577, 1637358884.3319197, 1637358890.2642107, 1637358892.5631158, 1637358894.7961602, 1637358897.0859668, 1637358899.4299822, 1637358901.818858, 1637358904.2766945, 1637358909.960968, 1637358912.3220072, 1637358914.6227636, 1637358916.9963698, 1637358919.432086, 1637358921.8158853, 1637358927.7608716, 1637358930.1464553, 1637358932.682027, 1637358935.2118297, 1637358937.635358, 1637358939.9342268, 1637358942.3067367, 1637358948.2001395, 1637358950.5140977, 1637358953.0391688, 1637358955.4420137, 1637358957.9716396, 1637358960.2474036, 1637358962.6031752, 1637358968.4525056, 1637358970.8324869, 1637358973.2139192, 1637358975.5391648, 1637358977.953864, 1637358980.3124568, 1637358986.159559, 1637358988.5748832, 1637358991.020166, 1637358993.3765593, 1637358995.7176597, 1637358998.2393603, 1637359000.6103148, 1637359006.2879288, 1637359008.6894536, 1637359011.1963024, 1637359013.6588035, 1637359016.108627, 1637359018.5422087, 1637359020.86927, 1637359026.6609228, 1637359028.9673207, 1637359031.4459097, 1637359033.8395736, 1637359036.3082273, 1637359038.6693413, 1637359044.634652, 1637359047.0679553, 1637359049.477737, 1637359051.8101032, 1637359054.2624424, 1637359056.647082, 1637359058.9244473, 1637359065.063112, 1637359067.3925443, 1637359069.718383, 1637359072.2187998, 1637359074.6230335, 1637359076.9949656, 1637359079.4653144, 1637359085.216313, 1637359087.5462456, 1637359089.9165373, 1637359092.304278, 1637359094.785364, 1637359097.1904125, 1637359103.0895402, 1637359105.4739437, 1637359107.9472666, 1637359110.348387, 1637359112.8822346, 1637359115.3093328, 1637359117.7994688, 1637359124.0755002, 1637359126.3942788, 1637359128.8662114, 1637359131.1802974, 1637359133.5909758, 1637359136.0304303, 1637359138.3530812, 1637359144.109458, 1637359146.2687979, 1637359148.6523767, 1637359151.0510418, 1637359153.4217794, 1637359155.8642263, 1637359161.5224922, 1637359163.8937883, 1637359166.2876203, 1637359168.6814742, 1637359170.7468789, 1637359172.794069, 1637359174.7738588, 1637359179.4461315, 1637359181.5216556, 1637359183.447941, 1637359185.4525552, 1637359187.4398112, 1637359189.449156, 1637359191.5767925, 1637359197.030522, 1637359199.230828, 1637359201.5586274, 1637359203.6486082, 1637359205.8029923, 1637359208.0691407, 1637359213.828428, 1637359216.222688, 1637359218.5576026, 1637359221.0226312, 1637359223.39181, 1637359225.8365095, 1637359228.2423341, 1637359234.5015566, 1637359236.9294007, 1637359239.2704327, 1637359241.6060808, 1637359244.1551044, 1637359246.5999348, 1637359249.046939, 1637359254.8996468, 1637359257.2917583, 1637359259.7056813, 1637359262.1089358, 1637359264.6104107, 1637359267.1019797, 1637359273.140611, 1637359275.5239725, 1637359277.9044516, 1637359280.3433201, 1637359282.749924, 1637359285.0145385, 1637359287.3541608, 1637359293.3922434, 1637359295.7920315, 1637359298.1947987, 1637359300.5979807, 1637359303.0070539, 1637359305.2827635, 1637359307.6036043, 1637359313.5790443, 1637359315.9921234, 1637359318.3725681, 1637359320.9136705, 1637359323.2598808, 1637359325.6480842, 1637359331.612782, 1637359334.0005417, 1637359336.3998966, 1637359338.7767494, 1637359341.0814435, 1637359343.4397488, 1637359345.8268135, 1637359351.8152575, 1637359354.1143014, 1637359356.4133596, 1637359358.7817252, 1637359361.1828108, 1637359363.493706, 1637359365.863261, 1637359371.5536122, 1637359373.9896271, 1637359376.3582313, 1637359378.7932878, 1637359381.1141021, 1637359383.4743261, 1637359389.5716455, 1637359391.9956994, 1637359394.3484764, 1637359396.6302698, 1637359398.944532, 1637359401.3889647, 1637359403.7234004, 1637359409.9908288, 1637359412.3657508, 1637359414.7570395, 1637359417.2880259, 1637359419.6858957, 1637359422.0823975, 1637359424.5016649, 1637359430.7265747, 1637359433.0584092, 1637359435.4918377, 1637359437.896503, 1637359440.2516286, 1637359442.59995, 1637359448.6373677, 1637359451.160678, 1637359453.544274, 1637359456.0168707, 1637359458.433741, 1637359460.8656683, 1637359463.3992634, 1637359469.468262, 1637359471.9475477, 1637359474.3874202, 1637359476.818365, 1637359479.2308655, 1637359481.694803, 1637359484.193533, 1637359490.635644, 1637359492.9443245, 1637359495.2923083, 1637359497.6490526, 1637359499.922291, 1637359502.4109855, 1637359508.6590972, 1637359511.1062849, 1637359513.381678, 1637359515.7694497, 1637359518.0770838, 1637359520.5223062, 1637359522.8735583, 1637359528.9747012, 1637359531.3824668, 1637359533.7973192, 1637359536.0933392, 1637359538.4848363, 1637359540.8757248, 1637359543.2768533, 1637359549.1700563, 1637359551.5662923, 1637359554.0176363, 1637359556.4377384, 1637359558.8751829, 1637359561.3416157, 1637359567.3556688, 1637359569.8259914, 1637359572.3010364, 1637359574.7039075, 1637359577.18432, 1637359579.7467809, 1637359582.1376257, 1637359588.161353, 1637359590.5985103, 1637359592.965124, 1637359595.4041817, 1637359597.7666688, 1637359600.2006454, 1637359602.5300384, 1637359608.5292127, 1637359610.8508286, 1637359613.2109752, 1637359615.5498824, 1637359617.8826075, 1637359620.2008185, 1637359625.7193644, 1637359628.192045, 1637359630.6183522, 1637359632.955554, 1637359635.4139745, 1637359637.8258314, 1637359640.1464546, 1637359646.1929164, 1637359648.523618, 1637359650.8394396, 1637359653.2114727, 1637359655.5592725, 1637359657.9499025, 1637359660.278136, 1637359666.2397883, 1637359668.7061849, 1637359671.158309, 1637359673.5955791, 1637359675.9199357, 1637359678.2522683],