{"initial_reset_timestamp": 1637358740.5418692, "timestamps": [1637358740.925161, 1637358741.2413113, 1637358741.5796316, 1637358741.9239442, 1637358742.2862644, 1637358742.6415842, 1637358742.9921834, 1637358747.514745, 1637358747.8346038, 1637358748.1751678, 1637358748.4862103, 1637358748.8571656, 1637358749.1764116, 1637358749.554919, 1637358753.8955, 1637358754.2363105, 1637358754.5909166, 1637358754.9595747, 1637358755.233525, 1637358755.5978572, 1637358755.9576108, 1637358773.0705562, 1637358773.3763962, 1637358773.6553802, 1637358774.0090642, 1637358774.3815427, 1637358774.6971943, 1637358775.062963, 1637358791.8347428, 1637358792.1849957, 1637358792.4798365, 1637358792.7634401, 1637358793.076447, 1637358793.3311257, 1637358793.6206803, 1637358810.93094, 1637358811.2580812, 1637358811.6276324, 1637358811.9704943, 1637358812.3271763, 1637358812.6682918, 1637358812.9806032, 1637358830.0305936, 1637358830.390949, 1637358830.741605, 1637358831.0636797, 1637358831.4103215, 1637358831.7745583, 1637358832.135083, 1637358849.018631, 1637358849.340331, 1637358849.6781096, 1637358850.0452783, 1637358850.3874123, 1637358850.6515129, 1637358850.928478, 1637358868.1151066, 1637358868.4217272, 1637358868.701981, 1637358869.067333, 1637358869.3443842, 1637358869.691371, 1637358870.0331178, 1637358887.486174, 1637358887.7815, 1637358888.099717, 1637358888.3868024, 1637358888.651934, 1637358889.019331, 1637358889.4271228, 1637358906.3409686, 1637358906.695806, 1637358907.0293462, 1637358907.315936, 1637358907.668523, 1637358907.984724, 1637358908.3468957, 1637358925.6571856, 1637358925.9658098, 1637358926.274218, 1637358926.534614, 1637358926.9261107, 1637358927.2826624, 1637358927.6334374, 1637358945.3148875, 1637358945.6409593, 1637358945.9978797, 1637358946.3250813, 1637358946.6638658, 1637358946.960539, 1637358947.3128517, 1637358964.9225016, 1637358965.263528, 1637358965.5631094, 1637358965.890789, 1637358966.274219, 1637358966.618774, 1637358966.9451122, 1637358984.0318317, 1637358984.3615446, 1637358984.6902952, 1637358985.0397482, 1637358985.4077542, 1637358985.6887767, 1637358986.0361452, 1637359003.581637, 1637359003.867935, 1637359004.1963463, 1637359004.5755563, 1637359004.8481374, 1637359005.1477752, 1637359005.466818, 1637359023.0490668, 1637359023.3632293, 1637359023.6982572, 1637359024.0334325, 1637359024.38748, 1637359024.7696347, 1637359025.0757139, 1637359042.3993049, 1637359042.7401931, 1637359043.063783, 1637359043.371699, 1637359043.7308528, 1637359044.1129248, 1637359044.4886332, 1637359061.9893672, 1637359062.3102732, 1637359062.6539638, 1637359063.0243616, 1637359063.3520854, 1637359063.7305124, 1637359064.136114, 1637359081.6347888, 1637359082.0136118, 1637359082.337888, 1637359082.6521986, 1637359082.9770727, 1637359083.2501774, 1637359083.6118646, 1637359100.9870658, 1637359101.294567, 1637359101.6548662, 1637359101.977237, 1637359102.3184156, 1637359102.6443768, 1637359102.975724, 1637359120.7440772, 1637359121.1505854, 1637359121.5091133, 1637359121.8239703, 1637359122.1219137, 1637359122.4728706, 1637359122.8117497, 1637359123.171932, 1637359140.4244523, 1637359140.7672925, 1637359141.1419158, 1637359141.5091987, 1637359141.8646975, 1637359142.2154593, 1637359142.5331078, 1637359159.60555, 1637359159.8679383, 1637359160.1420681, 1637359160.3960752, 1637359160.7037883, 1637359161.009699, 1637359161.3921149, 1637359177.421546, 1637359177.6313143, 1637359177.892158, 1637359178.1211329, 1637359178.3390734, 1637359178.5612235, 1637359178.8013084, 1637359193.7346888, 1637359194.0136838, 1637359194.289784, 1637359194.6471577, 1637359194.9906595, 1637359195.303685, 1637359195.5810728, 1637359211.7413049, 1637359212.1080153, 1637359212.3957832, 1637359212.7404459, 1637359213.0356321, 1637359213.3787372, 1637359213.70093, 1637359231.4838958, 1637359231.8322408, 1637359232.186364, 1637359232.5568843, 1637359232.9062974, 1637359233.2728689, 1637359233.6171768, 1637359251.3194456, 1637359251.676745, 1637359252.015338, 1637359252.29379, 1637359252.6297994, 1637359252.9855914, 1637359253.2786505, 1637359270.9027128, 1637359271.1684906, 1637359271.4654045, 1637359271.8105497, 1637359272.1367836, 1637359272.3742015, 1637359272.6818593, 1637359273.0230796, 1637359290.5349045, 1637359290.8766036, 1637359291.2044995, 1637359291.5446346, 1637359291.901844, 1637359292.2355683, 1637359292.5859044, 1637359309.8779323, 1637359310.233565, 1637359310.5806448, 1637359310.8897424, 1637359311.2491102, 1637359311.6021094, 1637359311.9361014, 1637359329.478969, 1637359329.8213143, 1637359330.1679456, 1637359330.4945812, 1637359330.808754, 1637359331.1451764, 1637359331.4930997, 1637359348.8238826, 1637359349.1761498, 1637359349.5126843, 1637359349.8557785, 1637359350.2179341, 1637359350.5593088, 1637359350.924595, 1637359368.0590947, 1637359368.3977485, 1637359368.7245786, 1637359369.0647933, 1637359369.3243122, 1637359369.6682978, 1637359370.038002, 1637359387.2263153, 1637359387.5695844, 1637359387.9120202, 1637359388.215782, 1637359388.456059, 1637359388.8010476, 1637359389.1206868, 1637359389.4498024, 1637359406.882013, 1637359407.198677, 1637359407.5276678, 1637359407.815856, 1637359408.1533906, 1637359408.48518, 1637359408.7512271, 1637359409.0904415, 1637359426.8069613, 1637359427.1067643, 1637359427.3115313, 1637359427.6492326, 1637359427.9206512, 1637359428.3092868, 1637359428.5705912, 1637359428.8056974, 1637359429.127876, 1637359446.5083892, 1637359446.8477528, 1637359447.173543, 1637359447.495528, 1637359447.8432848, 1637359448.1810365, 1637359448.5086792, 1637359466.502822, 1637359466.8657546, 1637359467.2274497, 1637359467.5797088, 1637359467.9267106, 1637359468.23818, 1637359468.56863, 1637359486.4241939, 1637359486.6243517, 1637359487.0045042, 1637359487.364921, 1637359487.715883, 1637359488.03153, 1637359488.3976047, 1637359488.6561832, 1637359489.0029356, 1637359506.0131178, 1637359506.3828576, 1637359506.71967, 1637359507.0293636, 1637359507.3726308, 1637359507.6965501, 1637359507.9314845, 1637359508.173174, 1637359508.5324814, 1637359525.99358, 1637359526.3197162, 1637359526.6744437, 1637359527.0467217, 1637359527.3974159, 1637359527.7458634, 1637359528.1237385, 1637359545.529516, 1637359545.8519104, 1637359546.158066, 1637359546.5031984, 1637359546.8528295, 1637359547.1747777, 1637359547.53533, 1637359565.1773944, 1637359565.472149, 1637359565.8231463, 1637359566.169326, 1637359566.5043943, 1637359566.8797295, 1637359567.2400737, 1637359585.148159, 1637359585.4736767, 1637359585.8420618, 1637359586.202112, 1637359586.5405872, 1637359586.915792, 1637359587.3011186, 1637359604.8326275, 1637359605.2746966, 1637359605.6407876, 1637359605.9987853, 1637359606.3791566, 1637359606.6796217, 1637359607.0180902, 1637359623.7458572, 1637359624.0439, 1637359624.3346293, 1637359624.6665099, 1637359624.914351, 1637359625.2576084, 1637359625.6064312, 1637359643.2412965, 1637359643.5869513, 1637359643.912318, 1637359644.3236895, 1637359644.6532166, 1637359644.9785295, 1637359645.3021765, 1637359662.6724153, 1637359663.0295954, 1637359663.357906, 1637359663.6816537, 1637359663.9968586, 1637359664.3027737, 1637359664.6548092],