{"initial_reset_timestamp": 1637290471.9783466, "timestamps": [1637290475.2308395, 1637290475.3779836, 1637290475.8620636, 1637290476.3184707, 1637290476.7073476, 1637290477.1000054, 1637290477.4524963, 1637290480.3446715, 1637290480.7099879, 1637290481.0885446, 1637290481.461275, 1637290481.8022177, 1637290482.1645617, 1637290485.092545, 1637290486.8154573, 1637290488.631517, 1637290490.3156714, 1637290492.1137564, 1637290493.9518175, 1637290495.7578092, 1637290499.848098, 1637290501.5380247, 1637290503.1285307, 1637290504.8346765, 1637290506.6544938, 1637290508.439122, 1637290510.3005123, 1637290514.3520336, 1637290515.9932086, 1637290517.6238892, 1637290519.4324088, 1637290521.2413285, 1637290523.0734375, 1637290527.1538396, 1637290528.9129086, 1637290530.5516367, 1637290532.3495615, 1637290534.1247158, 1637290535.9440389, 1637290537.7681315, 1637290541.951204, 1637290543.604485, 1637290545.2552652, 1637290547.0225673, 1637290548.8045907, 1637290550.606498, 1637290552.416281, 1637290556.553234, 1637290558.1946409, 1637290559.9658062, 1637290561.7906735, 1637290563.6348546, 1637290565.4204245, 1637290569.721723, 1637290571.3269048, 1637290573.0861492, 1637290574.9627538, 1637290576.7874115, 1637290578.6286507, 1637290580.5130713, 1637290584.575542, 1637290586.359531, 1637290588.1694696, 1637290590.0268762, 1637290591.8106942, 1637290593.6066208, 1637290595.411393, 1637290599.4287462, 1637290601.1183167, 1637290602.8816943, 1637290604.2780852, 1637290606.0956104, 1637290607.902338, 1637290609.7219841, 1637290613.6713846, 1637290615.4215417, 1637290617.253589, 1637290619.04028, 1637290620.8737972, 1637290622.6516595, 1637290626.9519594, 1637290628.5893283, 1637290630.4223444, 1637290632.3382947, 1637290634.1650689, 1637290635.8955462, 1637290637.711094, 1637290642.103059, 1637290643.8720162, 1637290645.666938, 1637290647.48672, 1637290649.3558788, 1637290651.143446, 1637290652.2612605, 1637290656.4544754, 1637290658.2405636, 1637290660.0861466, 1637290661.8467624, 1637290663.0394294, 1637290664.9231842, 1637290666.7424486, 1637290670.7549672, 1637290672.4721315, 1637290674.2113373, 1637290676.0597658, 1637290677.8929749, 1637290679.6964037, 1637290681.4716992, 1637290685.4304352, 1637290687.2425282, 1637290689.0024648, 1637290690.8199406, 1637290692.6746519, 1637290694.4598024, 1637290698.5776048, 1637290700.2696447, 1637290702.1155713, 1637290703.9721646, 1637290705.7784212, 1637290707.599794, 1637290709.348292, 1637290713.283134, 1637290715.0704155, 1637290716.886683, 1637290718.7369483, 1637290720.6172683, 1637290722.4598534, 1637290724.347597, 1637290728.6893985, 1637290730.4995246, 1637290732.3509278, 1637290734.1204274, 1637290735.9745402, 1637290737.7152889, 1637290741.8326879, 1637290743.567823, 1637290745.3871846, 1637290747.2078297, 1637290749.0413005, 1637290750.7803552, 1637290752.4190357, 1637290756.499605, 1637290758.2665446, 1637290760.036508, 1637290761.8239114, 1637290763.6893067, 1637290765.3300924, 1637290767.045782, 1637290771.160466, 1637290772.940328, 1637290774.8128362, 1637290776.6269321, 1637290778.4239454, 1637290780.0588145, 1637290784.3390439, 1637290786.0909383, 1637290787.9264884, 1637290789.7312233, 1637290791.4861898, 1637290793.1323116, 1637290794.8467119, 1637290798.9918103, 1637290800.7310498, 1637290802.5184352, 1637290804.3274832, 1637290805.9376366, 1637290807.5663462, 1637290809.353263, 1637290813.495149, 1637290815.2758555, 1637290817.1202617, 1637290818.8575706, 1637290820.4331117, 1637290822.1917846, 1637290826.4736605, 1637290828.1839209, 1637290829.9816167, 1637290831.7727594, 1637290833.4343069, 1637290835.0629823, 1637290836.8381147, 1637290840.9813066, 1637290842.7399833, 1637290844.5201578, 1637290846.3352323, 1637290847.9780288, 1637290849.6056967, 1637290851.1783524, 1637290855.3129284, 1637290857.1373281, 1637290858.9799364, 1637290860.7651107, 1637290862.5509696, 1637290864.1699085, 1637290869.4116912, 1637290871.1883204, 1637290873.0427694, 1637290874.8907044, 1637290876.71732, 1637290878.427994, 1637290880.0124514, 1637290885.6602259, 1637290887.3616722, 1637290889.1831207, 1637290891.0292997, 1637290892.6897225, 1637290894.2872226, 1637290895.9495354, 1637290900.7156382, 1637290902.5307314, 1637290904.317943, 1637290906.1346529, 1637290907.837705, 1637290909.4197156, 1637290914.49055, 1637290916.2107337, 1637290918.005108, 1637290919.8193462, 1637290921.5943692, 1637290923.2806966, 1637290924.8661363, 1637290930.1586237, 1637290931.874232, 1637290933.6994102, 1637290935.490536, 1637290937.3716412, 1637290938.9840055, 1637290940.5952199, 1637290945.8098235, 1637290947.6412203, 1637290949.4277902, 1637290951.2174976, 1637290952.9941137, 1637290954.6559396, 1637290958.987493, 1637290960.706094, 1637290962.5242, 1637290964.3286452, 1637290966.1693888, 1637290967.9641142, 1637290969.6838725, 1637290973.6854212, 1637290975.4454803, 1637290977.2656248, 1637290979.0975285, 1637290980.9639442, 1637290982.746491, 1637290984.5554364, 1637290990.2986038, 1637290992.0493844, 1637290993.9006577, 1637290995.7578719, 1637290997.574928, 1637290999.3315897, 1637291005.0501747, 1637291006.7134883, 1637291008.418594, 1637291010.2743292, 1637291012.1210625, 1637291013.9132748, 1637291015.7460177, 1637291020.6551585, 1637291022.255165, 1637291024.0735073, 1637291025.9051032, 1637291027.7084124, 1637291029.5223207, 1637291031.271878, 1637291036.4325893, 1637291038.0116754, 1637291039.6780782, 1637291041.4701998, 1637291043.3281085, 1637291045.1309853, 1637291050.4268537, 1637291052.0283742, 1637291053.6727245, 1637291055.2703805, 1637291057.0154822, 1637291058.822324, 1637291060.6236053, 1637291066.0999148, 1637291067.7038174, 1637291069.3506966, 1637291071.031876, 1637291072.860531, 1637291074.6803164, 1637291076.4566302, 1637291081.8528948, 1637291083.4401937, 1637291085.0752974, 1637291086.8434463, 1637291088.6652675, 1637291090.5170128, 1637291095.801342, 1637291097.5092306, 1637291099.0791337, 1637291100.6926003, 1637291102.3898296, 1637291104.1322107, 1637291105.9275, 1637291111.387103, 1637291113.174349, 1637291114.813287, 1637291116.529869, 1637291118.1405718, 1637291119.8767056, 1637291121.7400937, 1637291126.7401261, 1637291128.4957163, 1637291130.1428614, 1637291131.7698925, 1637291133.3704464, 1637291135.0905633, 1637291140.5548222, 1637291142.301689, 1637291144.1540718, 1637291145.8628988, 1637291147.599407, 1637291149.3205514, 1637291151.111341, 1637291156.8470087, 1637291158.566437, 1637291160.3065856, 1637291161.8999243, 1637291163.6082346, 1637291165.4058921, 1637291167.2280765, 1637291172.8679972, 1637291174.72672, 1637291176.6956153, 1637291178.606, 1637291180.5462391, 1637291182.50762],