Wall time,Step,Value
1634764993.0816898,0,40.5
1634765023.7546232,10,158.0
1634765056.2618697,20,131.25
1634765088.1464736,30,125.0
1634765119.7704427,40,67.66666412353516
1634765151.3776855,50,200.0
1634765180.9140255,60,200.0
1634765210.48186,70,200.0
1634765239.8061416,80,200.0
1634765267.3642373,90,200.0
