Wall time,Step,Value
1634767231.1975927,0,10.282051086425781
1634767348.9754944,10,54.5
1634767466.0078351,20,103.0
1634767582.8845124,30,121.75
1634767700.0079777,40,217.5
1634767817.8164551,50,1000.0
1634767936.0785453,60,1000.0
1634768053.0574102,70,1000.0
1634768171.47792,80,1000.0
1634768288.1677501,90,1000.0
