Wall time,Step,Value
1634765007.2232902,0,29.14285659790039
1634765039.5332875,10,110.25
1634765073.0047915,20,166.0
1634765106.29609,30,200.0
1634765139.3897712,40,200.0
1634765171.5792525,50,140.3333282470703
1634765204.6923666,60,200.0
1634765238.1444032,70,128.0
1634765269.277017,80,175.0
1634765298.5791574,90,199.3333282470703
