Wall time,Step,Value
1634764990.4848142,0,22.63157844543457
1634765021.0464735,10,50.55555725097656
1634765052.2530448,20,200.0
1634765082.9638228,30,137.0
1634765116.342213,40,200.0
1634765149.072303,50,200.0
1634765179.6344748,60,200.0
1634765209.3564677,70,200.0
1634765237.8691428,80,200.0
1634765265.3984969,90,200.0
