Wall time,Step,Value
1634764979.648518,0,25.235294342041016
1634765003.3599298,10,10.149999618530273
1634765029.1634467,20,12.117647171020508
1634765054.3665526,30,13.333333015441895
1634765079.3608181,40,12.625
1634765104.8634715,50,11.19444465637207
1634765130.400603,60,10.125
1634765155.8675041,70,10.552631378173828
1634765180.5636992,80,12.333333015441895
1634765205.91527,90,33.58333206176758
