{"initial_reset_timestamp": 1637286531.1444228, "timestamps": [1637286531.4794598, 1637286531.7500565, 1637286532.0659654, 1637286532.3871522, 1637286532.7309458, 1637286533.047561, 1637286533.402909, 1637286538.5136237, 1637286538.8593783, 1637286539.19942, 1637286539.5595632, 1637286539.9273899, 1637286540.289494, 1637286540.676033, 1637286545.8689272, 1637286546.3190126, 1637286546.72077, 1637286547.1336493, 1637286547.5074117, 1637286547.8884642, 1637286548.2993999, 1637286568.2514102, 1637286568.662516, 1637286569.0930774, 1637286569.4786782, 1637286569.9442716, 1637286570.312348, 1637286570.719024, 1637286591.4737282, 1637286591.8722496, 1637286592.2871866, 1637286592.7194924, 1637286593.2904053, 1637286593.6900623, 1637286594.0897963, 1637286614.6263463, 1637286614.9806223, 1637286615.3862906, 1637286615.7942011, 1637286616.1688626, 1637286616.5119376, 1637286616.8991537, 1637286637.7792344, 1637286638.1390767, 1637286638.5828505, 1637286638.9581387, 1637286639.3349798, 1637286639.7401485, 1637286640.1343505, 1637286660.7488525, 1637286661.0983636, 1637286661.4991226, 1637286661.8874478, 1637286662.294567, 1637286662.7090492, 1637286663.1130338, 1637286684.053605, 1637286684.4561372, 1637286684.8551536, 1637286685.2775183, 1637286685.692565, 1637286686.1180775, 1637286686.5160587, 1637286706.9762807, 1637286707.373141, 1637286707.752148, 1637286708.1248522, 1637286708.5132418, 1637286708.9110327, 1637286709.2957664, 1637286729.5121875, 1637286729.886283, 1637286730.2672908, 1637286730.641977, 1637286731.045193, 1637286731.477632, 1637286731.8331995, 1637286752.8051322, 1637286753.1957986, 1637286753.6070483, 1637286753.9873207, 1637286754.3591654, 1637286754.7294745, 1637286755.1118295, 1637286775.6164978, 1637286775.9970918, 1637286776.4254508, 1637286776.8098981, 1637286777.2130432, 1637286777.6352282, 1637286778.0176544, 1637286798.6111784, 1637286799.084711, 1637286799.536699, 1637286799.954209, 1637286800.381209, 1637286800.7530906, 1637286801.1614003, 1637286821.6764615, 1637286822.0774336, 1637286822.4790893, 1637286822.901632, 1637286823.3107336, 1637286823.6740494, 1637286824.061156, 1637286844.6566775, 1637286845.0967166, 1637286845.483572, 1637286845.8784873, 1637286846.251325, 1637286846.639053, 1637286846.9988816, 1637286867.3971074, 1637286867.774688, 1637286868.159675, 1637286868.6010387, 1637286869.0140593, 1637286869.3867369, 1637286869.834112, 1637286890.2836618, 1637286890.6669827, 1637286891.0522075, 1637286891.4674194, 1637286891.862673, 1637286892.2784667, 1637286892.6754673, 1637286893.105333, 1637286913.8256528, 1637286914.297758, 1637286914.7033849, 1637286915.101544, 1637286915.4769397, 1637286915.881461, 1637286916.2931185, 1637286936.8121462, 1637286937.2237587, 1637286937.5885434, 1637286937.9538326, 1637286938.3331444, 1637286938.767348, 1637286939.1233861, 1637286959.6716459, 1637286960.0688868, 1637286960.4506423, 1637286960.7814968, 1637286961.1845183, 1637286961.5253687, 1637286961.824149, 1637286962.1781542, 1637286962.4093897, 1637286983.3222494, 1637286983.7386363, 1637286984.1318583, 1637286984.5176532, 1637286984.8959858, 1637286985.2801905, 1637286985.6717827, 1637287006.213944, 1637287006.6830177, 1637287007.0689383, 1637287007.4576283, 1637287007.81578, 1637287008.1905985, 1637287008.5657918, 1637287029.0085697, 1637287029.478541, 1637287029.86821, 1637287030.2631223, 1637287030.6579094, 1637287031.0411506, 1637287031.4158294, 1637287051.9612038, 1637287052.331663, 1637287052.7726185, 1637287053.169209, 1637287053.5414126, 1637287053.9437249, 1637287054.3734498, 1637287074.6075976, 1637287074.987384, 1637287075.3849444, 1637287075.7980244, 1637287076.1993184, 1637287076.5700078, 1637287076.9545825, 1637287097.0004082, 1637287097.3611307, 1637287097.7102942, 1637287098.082076, 1637287098.4925108, 1637287098.818304, 1637287099.1748886, 1637287119.4303765, 1637287119.8134682, 1637287120.2086272, 1637287120.6293728, 1637287121.0070634, 1637287121.3815298, 1637287121.7809489, 1637287142.244707, 1637287142.649768, 1637287143.035145, 1637287143.3847058, 1637287143.7537775, 1637287144.1371472, 1637287144.4819572, 1637287164.7471437, 1637287164.9934907, 1637287165.251987, 1637287165.4593015, 1637287165.7219124, 1637287165.9956164, 1637287166.2268162, 1637287166.468971, 1637287166.76664, 1637287167.087442, 1637287167.4002063, 1637287167.6644537, 1637287167.8772264, 1637287168.0728486, 1637287168.264825, 1637287168.5027952, 1637287168.7906985, 1637287169.079167, 1637287169.3241925, 1637287169.5731523, 1637287169.8443875, 1637287189.9526937, 1637287190.2497578, 1637287190.47667, 1637287190.7405093, 1637287190.9786859, 1637287191.2087872, 1637287191.454417, 1637287191.6996799, 1637287191.9450922, 1637287192.2132418, 1637287192.4746408, 1637287192.72613, 1637287192.9557934, 1637287193.1716788, 1637287193.3814673, 1637287193.597381, 1637287193.787199, 1637287194.0103834, 1637287194.2826478, 1637287194.534041, 1637287194.8086734, 1637287195.036586, 1637287215.1211724, 1637287215.3033028, 1637287215.4930701, 1637287215.702271, 1637287215.980126, 1637287216.2101457, 1637287216.4219368, 1637287216.631915, 1637287216.8570616, 1637287217.0716033, 1637287217.3146913, 1637287217.5334446, 1637287217.7543194, 1637287218.0106945, 1637287218.2305968, 1637287218.437824, 1637287218.6906884, 1637287218.919681, 1637287219.1066742, 1637287219.3132975, 1637287219.5411336, 1637287219.8033347, 1637287220.0326288, 1637287220.2427099, 1637287220.4942596, 1637287220.7687922, 1637287241.1575391, 1637287241.3830006, 1637287241.691842, 1637287241.9296103, 1637287242.1318321, 1637287242.3898442, 1637287242.5882218, 1637287242.8355236, 1637287243.0552092, 1637287243.3031597, 1637287243.5281131, 1637287243.7582617, 1637287243.9667556, 1637287244.2015393, 1637287244.4789662, 1637287244.7257767, 1637287244.9381669, 1637287245.160032, 1637287245.3862944, 1637287245.608472, 1637287245.8848946, 1637287246.180092, 1637287246.4358163, 1637287246.6650543, 1637287267.0456326, 1637287267.2322977, 1637287267.4864812, 1637287267.6831775, 1637287267.9028206, 1637287268.1121361, 1637287268.390523, 1637287268.6138515, 1637287268.7900524, 1637287269.0482123, 1637287269.2828035, 1637287269.505857, 1637287269.790955, 1637287270.0069373, 1637287270.239168, 1637287270.4453533, 1637287270.7336223, 1637287270.9630003, 1637287271.1459324, 1637287271.3404372, 1637287271.562606, 1637287271.7887158, 1637287272.0874062, 1637287272.29575, 1637287272.4938452, 1637287272.7325642, 1637287272.9574978, 1637287292.9823823, 1637287293.2270012, 1637287293.4436817, 1637287293.6523893, 1637287293.8724115, 1637287294.0715156, 1637287294.3009667, 1637287294.4776673, 1637287294.6862314, 1637287294.8950012, 1637287295.1093414, 1637287295.3755453, 1637287295.6199546, 1637287295.8603938, 1637287296.0790055, 1637287296.3184183, 1637287296.5445735, 1637287296.762792, 1637287296.9899538, 1637287297.2185502, 1637287297.420609, 1637287297.6244485, 1637287297.840209, 1637287298.025575, 1637287298.2242692, 1637287298.4376101, 1637287298.6565845, 1637287298.8901193, 1637287299.1058786, 1637287299.3180838, 1637287319.9439354, 1637287320.2050087, 1637287320.4447315, 1637287320.6466284, 1637287320.9182415, 1637287321.1457338, 1637287321.3525305, 1637287321.5924153, 1637287321.8229373, 1637287322.015369, 1637287322.2128382, 1637287322.4237473, 1637287322.6509418, 1637287322.8526988, 1637287323.0739639, 1637287323.2951455, 1637287323.5267298, 1637287323.7308877, 1637287324.000917, 1637287324.2559667, 1637287324.4790897, 1637287324.6660473, 1637287324.8682323, 1637287325.0898256, 1637287325.330371, 1637287325.549853, 1637287325.7878668, 1637287326.0112839, 1637287326.2419262, 1637287346.47545, 1637287346.856199, 1637287347.1290984, 1637287347.3825452, 1637287347.6008482, 1637287347.9577792, 1637287348.156354, 1637287348.4219275, 1637287348.6634605, 1637287348.886115, 1637287349.120606, 1637287349.3149047, 1637287349.5968738, 1637287349.7900052, 1637287350.0022318, 1637287350.2609107, 