{"initial_reset_timestamp": 1637286528.9138987, "timestamps": [1637286533.4959984, 1637286533.8917282, 1637286534.609156, 1637286535.2406826, 1637286535.8895423, 1637286536.5132594, 1637286540.7783372, 1637286541.2843058, 1637286541.8164654, 1637286542.3295367, 1637286542.7592595, 1637286543.2473454, 1637286543.8885527, 1637286550.0409844, 1637286552.775789, 1637286555.4480345, 1637286558.1770225, 1637286560.9278584, 1637286563.6323442, 1637286566.452267, 1637286573.3655815, 1637286576.1976976, 1637286579.0864305, 1637286582.0387647, 1637286584.965993, 1637286587.839331, 1637286594.912988, 1637286597.8208945, 1637286600.7059064, 1637286603.464192, 1637286606.277554, 1637286609.131824, 1637286612.0124002, 1637286618.5361538, 1637286621.4204307, 1637286624.304342, 1637286627.1647604, 1637286630.0375507, 1637286633.0441835, 1637286635.9337916, 1637286642.8098552, 1637286645.786734, 1637286648.0665498, 1637286650.8296926, 1637286653.6976306, 1637286656.5949955, 1637286663.4222946, 1637286666.2378685, 1637286669.0902398, 1637286671.961636, 1637286674.7034001, 1637286677.5743573, 1637286680.4800885, 1637286687.7097013, 1637286690.6856124, 1637286693.633774, 1637286696.3198767, 1637286699.0972059, 1637286701.8434808, 1637286704.6525798, 1637286711.324807, 1637286714.1049652, 1637286716.9338655, 1637286719.6666825, 1637286722.502854, 1637286725.3246055, 1637286732.1520617, 1637286734.9980252, 1637286737.8476238, 1637286740.7445242, 1637286743.6601205, 1637286746.518558, 1637286749.4024572, 1637286756.274739, 1637286759.1926677, 1637286762.0053535, 1637286764.6930325, 1637286767.559926, 1637286770.464015, 1637286773.27843, 1637286780.1552005, 1637286783.037046, 1637286786.0219746, 1637286788.7546847, 1637286791.5075507, 1637286794.3278675, 1637286801.477172, 1637286804.3801024, 1637286807.1904185, 1637286809.9694428, 1637286812.6846673, 1637286815.5247283, 1637286818.3745058, 1637286825.273648, 1637286828.1918008, 1637286831.0615819, 1637286833.892839, 1637286836.5867012, 1637286839.4059699, 1637286842.2173345, 1637286849.053687, 1637286851.9133332, 1637286854.7182784, 1637286857.4956176, 1637286860.3517234, 1637286863.1157174, 1637286870.1640337, 1637286873.0121043, 1637286875.8175058, 1637286878.7678807, 1637286881.5769315, 1637286884.3379486, 1637286887.1664488, 1637286894.3290975, 1637286897.2461228, 1637286900.1462114, 1637286902.9281962, 1637286905.748997, 1637286908.5996237, 1637286911.4736075, 1637286918.3442655, 1637286921.136328, 1637286924.0292332, 1637286926.8199456, 1637286929.731962, 1637286932.5737271, 1637286939.4581075, 1637286942.3032036, 1637286945.0552685, 1637286947.840447, 1637286950.6568692, 1637286953.6188738, 1637286956.4279475, 1637286963.6461852, 1637286966.5502582, 1637286969.5105057, 1637286972.3252916, 1637286975.0101566, 1637286977.8462684, 1637286980.7996244, 1637286987.8351834, 1637286990.7565777, 1637286993.6479015, 1637286996.3997126, 1637286999.1544547, 1637287001.9386935, 1637287008.8887713, 1637287011.7666762, 1637287014.5832713, 1637287017.3686955, 1637287020.2841856, 1637287022.9978986, 1637287025.7254345, 1637287032.6175663, 1637287035.4269779, 1637287038.2781694, 1637287041.095166, 1637287043.8573003, 1637287046.6645014, 1637287049.488964, 1637287056.4129817, 1637287059.2310975, 1637287062.006663, 1637287064.862956, 1637287067.711766, 1637287070.5289452, 1637287077.2636657, 1637287080.027335, 1637287082.7651663, 1637287085.4850142, 1637287088.2216878, 1637287091.0217583, 1637287093.7523587, 1637287100.3443058, 1637287103.125909, 1637287105.8758364, 1637287108.6812935, 1637287111.5038443, 1637287114.3307855, 1637287117.1137848, 1637287123.898323, 1637287126.729787, 1637287129.49428, 1637287132.3245883, 1637287135.1089468, 1637287137.8927712, 1637287144.783692, 1637287147.5931318, 1637287150.4644556, 1637287153.2882113, 1637287156.030088, 1637287158.8595448, 1637287161.6715367, 1637287171.0643568, 1637287173.9879534, 1637287176.7166429, 1637287179.4017978, 1637287182.1696422, 1637287184.8750124, 1637287187.6858933, 1637287197.1213207, 1637287199.9278078, 1637287202.7069235, 1637287205.455603, 1637287208.3360507, 1637287211.1145828, 1637287221.1103425, 1637287223.956634, 1637287226.8527586, 1637287229.6205456, 1637287232.5040174, 1637287235.302012, 1637287238.140792, 1637287247.8426232, 1637287250.6721108, 1637287253.5413804, 1637287256.3768394, 1637287259.1750846, 1637287262.011814, 1637287264.8413563, 1637287275.027879, 1637287277.8315537, 1637287280.6582904, 1637287283.4123352, 1637287286.2522783, 1637287289.0551493, 1637287299.6358602, 1637287302.4212968, 1637287305.170273, 1637287308.0207555, 1637287310.8668127, 1637287313.7126672, 1637287316.5033712, 1637287327.4248815, 1637287330.1573124, 1637287333.0095026, 1637287335.813465, 1637287338.615841, 1637287341.39826, 1637287344.1613517, 1637287354.3869433, 1637287357.2075388, 1637287359.990121, 1637287362.9693918, 1637287365.7537897, 1637287368.5348575, 1637287376.0477529, 1637287378.853884, 1637287381.5442648, 1637287384.2890809, 1637287387.0742815, 1637287389.9197419, 1637287392.788148, 1637287400.1033213, 1637287402.834648, 1637287405.6618333, 1637287408.4734356, 1637287411.048898, 1637287413.8198893, 1637287416.6452234, 1637287423.559326, 1637287426.2962296, 1637287429.121046, 1637287431.9316177, 1637287434.6297913, 1637287437.419286, 1637287444.5129519, 1637287447.4044702, 1637287450.233765, 1637287452.9230137, 1637287455.6578288, 1637287458.3413136, 1637287461.189264, 1637287468.3109899, 1637287471.0368621, 1637287473.8877144, 1637287476.6988285, 1637287479.430775, 1637287482.267047, 1637287485.0654523, 1637287492.143994, 1637287494.930259, 1637287497.6242893, 1637287500.4579334, 1637287503.2302651, 1637287506.0300353, 1637287513.1195583, 1637287515.9768307, 1637287518.7246094, 1637287521.523288, 1637287524.3030689, 1637287527.0028732, 1637287529.8311317, 1637287536.4624593, 1637287539.1735706, 1637287541.9514124, 1637287544.7801664, 1637287547.5511837, 1637287550.3031523, 1637287553.0485663, 1637287559.9724069, 1637287562.8385386, 1637287565.6519792, 1637287568.431394, 1637287571.1644232, 1637287573.8920176, 1637287580.5203137, 1637287583.393439, 1637287586.2298074, 1637287589.0806174, 1637287591.917461, 1637287594.7021704, 1637287597.2729292, 1637287603.6761942, 1637287606.3720264, 1637287608.8368845, 1637287611.3277109, 1637287613.6824372, 1637287615.9898794, 1637287618.2720904, 1637287624.4336195, 1637287626.7969494, 1637287629.1816149, 1637287631.5860355, 1637287633.9519248, 1637287636.3008878, 1637287642.029468, 1637287644.3708396, 1637287646.4675317, 1637287648.5303912, 1637287650.671628, 1637287652.9247978, 1637287655.135239],