{"initial_reset_timestamp": 1637222722.9823887, "timestamps": [1637222727.6915016, 1637222727.9306715, 1637222728.242294, 1637222728.6196644, 1637222728.9788387, 1637222729.3983946, 1637222729.7947943, 1637222730.1888764, 1637222730.5692716, 1637222730.9368486, 1637222734.8781972, 1637222735.225151, 1637222735.6252415, 1637222736.0398839, 1637222736.405021, 1637222736.7650592, 1637222737.1196012, 1637222737.4733837, 1637222737.8407958, 1637222738.2285209, 1637222743.2016218, 1637222744.7772152, 1637222746.3860765, 1637222747.9779823, 1637222749.555446, 1637222751.081054, 1637222752.8016026, 1637222754.455129, 1637222755.9683805, 1637222757.4484646, 1637222762.6252103, 1637222764.213953, 1637222765.7918384, 1637222767.365271, 1637222769.0397043, 1637222770.684033, 1637222772.2883565, 1637222773.8877785, 1637222775.421905, 1637222777.01674, 1637222782.2779937, 1637222783.937141, 1637222785.478189, 1637222787.0172858, 1637222788.540278, 1637222789.9856215, 1637222791.4489584, 1637222793.0384483, 1637222794.6077294, 1637222796.1368618, 1637222801.3526893, 1637222802.8945222, 1637222804.4622185, 1637222805.8343043, 1637222807.2854388, 1637222808.8613563, 1637222810.3666036, 1637222811.8507004, 1637222813.399139, 1637222814.9254746, 1637222819.912202, 1637222821.4334555, 1637222822.8860066, 1637222824.3683047, 1637222825.9111803, 1637222827.4536798, 1637222828.9870365, 1637222830.525378, 1637222832.1128106, 1637222833.6888683, 1637222838.704715, 1637222840.282537, 1637222841.8345847, 1637222843.5325108, 1637222845.2026548, 1637222846.8323345, 1637222848.4487221, 1637222849.962527, 1637222851.524089, 1637222853.0926747, 1637222858.7809985, 1637222860.3074582, 1637222861.8140264, 1637222863.3461661, 1637222864.8694942, 1637222866.3753479, 1637222868.0494857, 1637222869.5291605, 1637222871.0838244, 1637222872.4838188, 1637222877.6038709, 1637222879.2866337, 1637222880.8345068, 1637222882.4161959, 1637222883.9738462, 1637222885.5797126, 1637222887.1732125, 1637222888.6642768, 1637222890.1954706, 1637222891.7497935, 1637222896.8910697, 1637222897.842459, 1637222899.4500988, 1637222900.9872625, 1637222902.611615, 1637222903.8005455, 1637222905.4423344, 1637222906.9475396, 1637222908.5542605, 1637222909.6285257, 1637222911.1628191, 1637222916.5264091, 1637222917.8053327, 1637222919.4573321, 1637222920.5591729, 1637222921.6608386, 1637222923.0906682, 1637222924.5431652, 1637222925.9900403, 1637222927.569562, 1637222929.106949, 1637222930.7039826, 1637222936.0822406, 1637222937.7563384, 1637222939.3696203, 1637222940.9267416, 1637222942.4584231, 1637222944.0819857, 1637222945.6706831, 1637222947.2808952, 1637222949.0204268, 1637222950.579131, 1637222956.1451156, 1637222957.7447467, 1637222959.5302567, 1637222961.446746, 1637222963.2194314, 1637222964.8548038, 1637222966.4775717, 1637222968.128595, 1637222969.6944423, 1637222971.2456856, 1637222976.8529074, 1637222978.395421, 1637222980.0623465, 1637222981.5879538, 1637222983.1654963, 1637222984.707002, 1637222985.9375777, 1637222987.5333338, 1637222989.262591, 1637222990.8659606, 1637222996.881129, 1637222998.6222787, 1637223000.408838, 1637223002.0891333, 1637223003.8020575, 1637223005.5306945, 1637223007.0614183, 1637223008.6524448, 1637223010.1982307, 1637223011.939915, 1637223017.7434254, 1637223019.5192578, 1637223020.9704185, 1637223022.6712337, 1637223024.2385616, 1637223025.359868, 1637223026.9823856, 1637223028.7557356, 1637223030.345202, 1637223031.9294183, 1637223033.5488617, 1637223039.1469948, 1637223040.8212445, 1637223041.953831, 1637223043.6547217, 1637223045.4049704, 1637223047.1942358, 1637223048.819294, 1637223050.4919436, 1637223052.1747787, 1637223053.729193, 1637223059.4964495, 1637223061.2629888, 1637223062.915165, 1637223064.587463, 1637223066.226554, 1637223067.6536384, 1637223069.298357, 1637223071.0608711, 1637223072.711817, 1637223074.3655958, 1637223079.9535809, 1637223081.611667, 1637223083.3153934, 1637223084.9718142, 1637223086.5979266, 1637223088.2125165, 1637223089.811078, 1637223091.3430626, 1637223092.9522681, 1637223094.7102413, 1637223100.3722503, 1637223102.0254517, 1637223103.7399843, 1637223105.346642, 1637223107.127871, 1637223108.9034739, 1637223110.7791414, 1637223112.6477308, 1637223114.5510273, 1637223116.3744617, 1637223122.7262506, 1637223124.3713253, 1637223126.2403288, 1637223128.027617, 1637223129.761958, 1637223131.554552, 1637223133.337046, 1637223135.2195055, 1637223137.1779752, 1637223139.2209044, 1637223140.7674658, 1637223147.2556624, 1637223149.0651724, 1637223150.951849, 1637223152.657402, 1637223154.4550986, 1637223156.3061154, 1637223157.9153042, 1637223159.5854793, 1637223161.2830691, 1637223163.1258085, 1637223170.0964646, 1637223171.9477634, 1637223173.6315353, 1637223174.5826943, 1637223176.318806, 1637223177.6694117, 1637223179.4845088, 1637223181.2714741, 1637223183.1111486, 1637223184.300336, 1637223186.0553567, 1637223192.780686, 1637223194.5909607, 1637223195.9085732, 1637223197.5877252, 1637223199.3725984, 1637223201.1933155, 1637223202.9539125, 1637223204.7641697, 1637223206.6585958, 1637223208.3061574, 1637223214.745372, 1637223216.4524522, 1637223218.3645275, 1637223220.2372506, 1637223222.0284307, 1637223223.7972221, 1637223225.6051552, 1637223227.4532146, 1637223229.1437516, 1637223230.9150872, 1637223236.8979182, 1637223238.6765878, 1637223240.5215313, 1637223242.2425404, 1637223243.516185, 1637223245.3030467, 1637223247.0486414, 1637223248.7036421, 1637223250.4011776, 1637223251.5750725, 1637223253.2140288, 1637223259.25843, 1637223261.0353394, 1637223262.91404, 1637223264.7799246, 1637223266.5937114, 1637223268.4024687, 1637223270.2393615, 1637223271.8274748, 1637223273.7425408, 1637223275.5480409, 1637223281.806376, 1637223283.6035147, 1637223285.376723, 1637223287.1111941, 1637223288.4737177, 1637223290.2516336, 1637223292.1557078, 1637223293.9026365, 1637223295.6765227, 1637223297.364073, 1637223304.014261, 1637223305.6671407, 1637223307.42835, 1637223309.212451, 1637223311.0194001, 1637223312.8597033, 1637223314.8432388, 1637223316.7073872, 1637223318.3709538, 1637223320.0769205, 1637223327.6032422, 1637223329.3683822, 1637223331.2052147, 1637223333.0235631, 1637223334.6813865, 1637223336.3473597, 1637223338.0794287, 1637223339.7698474, 1637223341.5759814, 1637223343.3930743, 1637223350.311482, 1637223352.183359, 1637223353.9705675, 1637223355.6765888, 1637223357.3201094, 1637223359.0950103, 1637223360.824065, 1637223362.6280591, 1637223364.3053153, 1637223365.2316604, 1637223367.0399883, 1637223373.3362136, 1637223375.2394948, 1637223377.0127134, 1637223378.885899, 1637223379.7636237, 1637223380.610079, 1637223382.4699578, 1637223384.291602, 1637223385.183819, 1637223386.9304252, 1637223388.7760289, 1637223390.5998218, 1637223397.168215, 1637223399.0063393, 1637223400.7903543, 1637223402.5314872, 1637223404.184485, 1637223405.2223392, 1637223406.7764196, 1637223408.4293582, 1637223410.174628, 1637223411.1862323, 1637223413.0556486, 1637223419.4881632, 1637223421.4044425, 1637223423.0361302, 1637223424.8121207, 1637223426.7596002, 1637223428.6519914, 1637223429.483174, 1637223431.3657897, 1637223433.2483177, 1637223435.122607, 1637223436.68711, 1637223443.4336753, 1637223445.3055031, 1637223447.0604596, 1637223448.8932953, 1637223450.682083, 1637223451.9850144, 1637223453.2141848, 1637223454.4706037, 1637223456.39034, 1637223457.5071042, 1637223458.7149875, 1637223460.6884222, 1637223469.335, 1637223471.1784632, 1637223472.8561585, 1637223474.6738532, 1637223476.6025107, 1637223478.3725803, 1637223480.2543669, 1637223481.383952, 1637223483.1247277, 1637223485.0131907, 1637223486.7915459, 1637223494.2719004, 1637223495.3392534, 1637223497.179634, 1637223498.9576025, 1637223500.6209035, 1637223502.3576941, 1637223504.142131, 1637223506.0001385, 1637223507.7764537, 1637223509.7351172, 1637223511.093975, 1637223518.2370532, 1637223520.133331, 1637223521.8502302, 1637223523.5445588, 1637223525.3730457, 1637223526.9860506, 