{"initial_reset_timestamp": 1637281093.2607546, "timestamps": [1637281096.5625203, 1637281096.8386521, 1637281097.2738743, 1637281097.7073376, 1637281098.0807602, 1637281098.5347261, 1637281101.2017298, 1637281101.5835352, 1637281101.9466355, 1637281102.2173934, 1637281102.5664263, 1637281102.9086323, 1637281103.2459633, 1637281106.2982774, 1637281108.0792987, 1637281109.909165, 1637281111.8050737, 1637281113.6416788, 1637281115.3988028, 1637281117.3597314, 1637281121.3315294, 1637281123.2150092, 1637281125.0542157, 1637281126.906359, 1637281128.6291382, 1637281130.423254, 1637281132.2343097, 1637281136.110242, 1637281137.8696024, 1637281139.6899815, 1637281141.1552656, 1637281142.9567325, 1637281144.7320473, 1637281148.6996362, 1637281150.3913333, 1637281152.1757998, 1637281153.49011, 1637281155.2654757, 1637281156.9941165, 1637281158.772465, 1637281162.9377866, 1637281164.5485497, 1637281166.2886505, 1637281168.0276809, 1637281169.857838, 1637281171.6004317, 1637281173.3405397, 1637281177.4318533, 1637281178.900716, 1637281180.5954974, 1637281182.2963588, 1637281183.9766781, 1637281185.17439, 1637281186.8951995, 1637281190.9173722, 1637281192.5847318, 1637281194.2546477, 1637281195.448666, 1637281197.1595519, 1637281198.900995, 1637281200.6420724, 1637281204.771051, 1637281206.5192287, 1637281208.0006142, 1637281209.7756865, 1637281211.5442798, 1637281213.289537, 1637281215.0524113, 1637281219.732249, 1637281221.6563463, 1637281222.9439762, 1637281224.8824801, 1637281226.7293, 1637281228.5663915, 1637281230.3410633, 1637281234.6164882, 1637281236.5086734, 1637281238.5118184, 1637281240.5630798, 1637281242.5181482, 1637281244.4046495, 1637281246.2146335, 1637281252.513082, 1637281254.358001, 1637281256.2418213, 1637281258.0954115, 1637281259.8551497, 1637281261.771848, 1637281268.4625583, 1637281270.2824297, 1637281272.0972183, 1637281273.985911, 1637281275.906825, 1637281277.663532, 1637281279.483043, 1637281285.691631, 1637281287.4878926, 1637281289.3296635, 1637281291.187055, 1637281292.8822587, 1637281294.5689907, 1637281296.1300251, 1637281302.9270864, 1637281304.639241, 1637281306.4161582, 1637281308.1538036, 1637281309.9433758, 1637281311.7349825, 1637281319.76895, 1637281321.7518673, 1637281323.759455, 1637281325.6716366, 1637281327.596705, 1637281329.543111, 1637281331.488948, 1637281337.9396877, 1637281339.738379, 1637281341.494447, 1637281343.2786417, 1637281345.120099, 1637281346.834879, 1637281348.4773042, 1637281354.2703512, 1637281356.034657, 1637281357.802619, 1637281359.5659382, 1637281361.2322242, 1637281362.8613415, 1637281369.297168, 1637281370.9957268, 1637281372.76354, 1637281374.5014691, 1637281376.1941125, 1637281378.0411127, 1637281379.82192, 1637281386.1313584, 1637281387.8590481, 1637281389.6190436, 1637281391.3865619, 1637281393.1916075, 1637281395.1181073, 1637281397.0662014, 1637281401.597066, 1637281403.3811579, 1637281405.062991, 1637281406.8787653, 1637281408.7596433, 1637281410.7297895, 1637281417.3674686, 1637281419.207075, 1637281421.0141044, 1637281422.932273, 1637281424.7608583, 1637281426.571678, 1637281428.3454835, 1637281434.5487032, 1637281436.2480035, 1637281437.9925892, 1637281439.7545455, 1637281441.5231748, 1637281443.3076608, 1637281445.0416973, 1637281450.7068725, 1637281452.44451, 1637281454.1340625, 1637281455.8652644, 1637281457.6790206, 1637281459.4448721, 1637281466.0435681, 1637281467.7964027, 1637281469.5116746, 1637281471.2825615, 1637281473.0596154, 1637281474.8331327, 1637281476.606748, 1637281484.2253673, 1637281486.014336, 1637281487.7918866, 1637281489.562971, 1637281491.3171787, 1637281493.0776591, 1637281494.7845078, 1637281501.2775578, 1637281503.0807076, 1637281504.9534945, 1637281506.8354394, 1637281508.6720438, 1637281510.528588, 1637281516.835791, 1637281518.5789711, 1637281520.351084, 1637281522.129642, 1637281523.9458406, 1637281525.7549846, 1637281527.5024095, 1637281534.1998096, 1637281535.9817648, 1637281537.8170662, 1637281539.5863228, 1637281541.3909338, 1637281543.2672, 1637281544.893028, 1637281550.754489, 1637281552.4874392, 1637281554.2330804, 1637281555.9957027, 1637281557.7179272, 1637281559.4924448, 1637281566.8577418, 1637281568.616748, 1637281570.3654242, 1637281572.08495, 1637281573.8218055, 1637281575.5656588, 1637281577.2729573, 1637281585.3955135, 1637281587.2561033, 1637281589.2757819, 1637281591.0993483, 1637281593.0012753, 1637281594.9517748, 1637281596.7985756, 1637281604.6663992, 1637281606.8469357, 1637281609.0452514, 1637281611.3393269, 1637281613.7328217, 1637281616.091924, 1637281627.4796484, 1637281629.818325, 1637281632.2429729, 1637281634.746428, 1637281637.377472, 1637281640.0008235, 1637281642.6326466, 1637281655.0002942, 1637281657.5513346, 1637281660.0532882, 1637281662.72829, 1637281665.3177273, 1637281667.8039389, 1637281670.434131, 1637281681.4504206, 1637281683.8082466, 1637281686.2457254, 1637281688.7303693, 1637281691.253315, 1637281693.7184427, 1637281704.1275134, 1637281706.6083622, 1637281709.1938987, 1637281711.7815535, 1637281714.3312466, 1637281716.7673619, 1637281719.1327474, 1637281731.3539484, 1637281733.780232, 1637281736.2546597, 1637281738.654654, 1637281741.267634, 1637281743.7381961, 1637281746.3162112, 1637281757.824054, 1637281760.2866797, 1637281762.7587218, 1637281765.1872559, 1637281767.6968157, 1637281770.235692, 1637281782.5567436, 1637281785.1364586, 1637281787.5886078, 1637281790.042739, 1637281792.5439095, 1637281795.042897, 1637281797.5975735, 1637281809.1378376, 1637281811.6674013, 1637281814.2663333, 1637281816.751799, 1637281819.3337219, 1637281821.9143934, 1637281824.4341557, 1637281835.6213503, 1637281838.1028209, 1637281840.6264143, 1637281843.095487, 1637281845.4221547, 1637281847.9574268, 1637281858.427892, 1637281860.824657, 1637281863.3561878, 1637281865.8010368, 1637281868.2984335, 1637281870.8236682, 1637281873.1994977, 1637281885.7362401, 1637281888.297905, 1637281890.899973, 1637281893.450335, 1637281895.9067383, 1637281898.4535408, 1637281900.8326805, 1637281913.03295, 1637281915.7250965, 1637281918.368656, 1637281921.055951, 1637281923.8036761, 1637281926.493793, 1637281936.928218, 1637281939.3967545, 1637281942.016372, 1637281944.5575407, 1637281947.0398166, 1637281949.4814856, 1637281952.08334, 1637281962.1910372, 1637281964.0902786, 1637281965.842255, 1637281967.7563937, 1637281969.5664492, 1637281971.5087748, 1637281973.3938744, 1637281981.1907136, 1637281982.9703114, 1637281984.679544, 1637281986.4937093, 1637281988.4215174, 1637281990.3378751, 1637281998.5007284, 1637282000.2676659, 1637282002.1117399, 1637282003.8568604, 1637282005.6544151, 1637282007.4580417, 1637282009.3039737],