{"initial_reset_timestamp": 1637286536.7280433, "timestamps": [1637286541.784323, 1637286542.1692429, 1637286542.802278, 1637286543.3774545, 1637286543.873821, 1637286544.444472, 1637286549.3132439, 1637286549.8983743, 1637286550.542352, 1637286551.075463, 1637286551.7036605, 1637286552.2743506, 1637286552.8667228, 1637286558.4989617, 1637286561.211359, 1637286563.96449, 1637286566.8582962, 1637286569.7143304, 1637286572.5133467, 1637286575.4212134, 1637286582.4947083, 1637286585.3754916, 1637286588.2314918, 1637286591.0789247, 1637286593.8250265, 1637286596.7165692, 1637286603.6687706, 1637286606.495325, 1637286609.3761559, 1637286612.2585704, 1637286615.0512028, 1637286617.7217321, 1637286620.5709856, 1637286627.720339, 1637286630.6125164, 1637286633.5486467, 1637286636.3854353, 1637286639.203654, 1637286642.0043244, 1637286645.0650692, 1637286652.4799192, 1637286655.3026793, 1637286658.1130705, 1637286660.9269602, 1637286663.8507004, 1637286666.655877, 1637286673.7258918, 1637286676.6807356, 1637286679.4773703, 1637286682.3603218, 1637286685.2904956, 1637286688.1565409, 1637286691.0993567, 1637286697.5859609, 1637286700.3822837, 1637286703.2597277, 1637286706.044117, 1637286708.7942054, 1637286711.4792082, 1637286714.3532724, 1637286720.8419557, 1637286723.6590824, 1637286726.5344882, 1637286729.3637538, 1637286732.1090546, 1637286734.9281101, 1637286741.8157222, 1637286744.6403096, 1637286747.4928765, 1637286750.4546497, 1637286753.2747421, 1637286756.0991652, 1637286759.0507936, 1637286765.6258311, 1637286768.517546, 1637286771.4134445, 1637286774.2298102, 1637286777.1597395, 1637286780.0585217, 1637286782.9171934, 1637286789.7288156, 1637286792.5166495, 1637286795.4311063, 1637286798.33253, 1637286801.1476257, 1637286803.9751825, 1637286810.665406, 1637286813.4602528, 1637286816.4353802, 1637286819.4117103, 1637286822.110977, 1637286824.9216685, 1637286827.8053231, 1637286834.562302, 1637286837.3120868, 1637286840.0517259, 1637286842.882901, 1637286844.7363396, 1637286847.484783, 1637286850.3640547, 1637286857.079086, 1637286859.9730206, 1637286862.7983935, 1637286865.642259, 1637286868.4953508, 1637286871.3711972, 1637286874.2255054, 1637286881.076698, 1637286883.8188746, 1637286886.5874426, 1637286889.3792505, 1637286891.9974458, 1637286894.7119606, 1637286901.5144246, 1637286904.402063, 1637286907.1603184, 1637286910.085318, 1637286912.921108, 1637286915.711651, 1637286918.4782672, 1637286925.3154085, 1637286928.151164, 1637286931.008105, 1637286933.925602, 1637286936.7515614, 1637286939.5710807, 1637286942.5510712, 1637286949.7186058, 1637286952.689734, 1637286955.5115108, 1637286958.2849398, 1637286961.2017024, 1637286964.0395982, 1637286970.9634676, 1637286973.8445, 1637286976.6028354, 1637286979.4944, 1637286982.3742092, 1637286985.1812496, 1637286988.0748773, 1637286995.0148406, 1637286997.847606, 1637287000.652329, 1637287003.5198617, 1637287006.2249615, 1637287009.0385494, 1637287011.9488564, 1637287018.701527, 1637287021.60186, 1637287024.411363, 1637287027.189054, 1637287029.8480904, 1637287032.611178, 1637287039.6227348, 1637287042.4187536, 1637287045.2437308, 1637287048.0638163, 1637287050.8492, 1637287053.591438, 1637287056.422659, 1637287064.0890393, 1637287066.8551865, 1637287069.66388, 1637287072.4628384, 1637287075.2521193, 1637287077.9919562, 1637287080.871049, 1637287087.5332298, 1637287090.3692977, 1637287093.1419973, 1637287095.9361901, 1637287098.7126522, 1637287101.5287576, 1637287111.067781, 1637287113.8247204, 1637287116.6799347, 1637287119.4197958, 1637287122.2069488, 1637287125.0144758, 1637287127.3320134, 1637287134.1162727, 1637287136.8686292, 1637287139.586314, 1637287142.3257158, 1637287145.1302762, 1637287147.9715366, 1637287150.8794186, 1637287157.6915705, 1637287159.7113655, 1637287162.4555068, 1637287165.2245874, 1637287167.1479278, 1637287170.0152388, 1637287172.0035992, 1637287178.7527306, 1637287181.6365652, 1637287184.4768713, 1637287187.293088, 1637287190.0286067, 1637287192.8243425, 1637287195.6045003, 1637287202.4249535, 1637287203.6152003, 1637287206.3677042, 1637287209.170154, 1637287211.9561322, 1637287214.8225305, 1637287217.6108322, 1637287226.2938924, 1637287229.1180878, 1637287231.8834999, 1637287234.598391, 1637287237.3969486, 1637287240.1571865, 1637287242.978759, 1637287249.6902976, 1637287252.472586, 1637287255.3075705, 1637287258.090913, 1637287260.8587205, 1637287263.7274508, 1637287266.5519779, 1637287275.6754344, 1637287278.4340105, 1637287281.169467, 1637287283.970014, 1637287286.732275, 1637287289.47859, 1637287299.594742, 1637287302.3986306, 1637287305.174639, 1637287308.041801, 1637287310.9519234, 1637287313.805696, 1637287316.7168362, 1637287328.312176, 1637287331.1978545, 1637287334.0365808, 1637287336.8459003, 1637287339.6821651, 1637287342.480303, 1637287345.2370763, 1637287355.8189564, 1637287358.583803, 1637287361.3651383, 1637287364.190205, 1637287367.0151443, 1637287369.8390505, 1637287379.4034252, 1637287382.1434345, 1637287384.9896333, 1637287387.7435453, 1637287390.6061425, 1637287393.4671254, 1637287396.2107809, 1637287406.3722672, 1637287409.1780815, 1637287411.8926651, 1637287414.7065072, 1637287417.5329444, 1637287420.2923965, 1637287423.108013, 1637287433.6764562, 1637287436.487125, 1637287439.2815347, 1637287442.011335, 1637287444.8136191, 1637287447.6800265, 1637287457.8857255, 1637287460.6550715, 1637287463.5170233, 1637287466.3729758, 1637287469.1165962, 1637287471.854205, 1637287474.6306777, 1637287484.4869046, 1637287487.281369, 1637287490.0493624, 1637287492.8945618, 1637287495.6670387, 1637287498.4602392, 1637287501.344686, 1637287508.5367832, 1637287511.3169384, 1637287514.137915, 1637287517.010199, 1637287519.7762713, 1637287522.589314, 1637287529.6149797, 1637287532.480649, 1637287535.2912374, 1637287538.1380703, 1637287540.8968809, 1637287543.672728, 1637287546.430498, 1637287553.7197526, 1637287556.4886239, 1637287559.293731, 1637287562.1790922, 1637287565.0261579, 1637287567.749608, 1637287570.5057216, 1637287577.4292307, 1637287580.2581296, 1637287583.0595355, 1637287585.8922296, 1637287588.6861873, 1637287591.4799721, 1637287598.0514162, 1637287600.6223013, 1637287603.232431, 1637287605.943813, 1637287608.340633, 1637287610.7683856, 1637287613.134647, 1637287618.737464, 1637287621.2277846, 1637287623.7257378, 1637287626.1273072, 1637287628.5003564, 1637287630.9712703, 1637287633.3686643, 1637287638.989971, 1637287641.4199362, 1637287643.6904993, 1637287645.8239937, 1637287648.0280793, 1637287650.283704, 1637287656.0570633, 1637287658.0468457, 1637287659.9738586, 1637287661.8210654, 1637287663.6720695, 1637287665.4900458, 1637287667.3575807],