{"initial_reset_timestamp": 1637231849.9821908, "timestamps": [1637231854.5195832, 1637231854.7709026, 1637231855.0773, 1637231855.5145786, 1637231855.8638391, 1637231856.2794273, 1637231856.6494212, 1637231857.0063784, 1637231857.373531, 1637231857.7299955, 1637231861.6620622, 1637231862.0138373, 1637231862.4459913, 1637231862.8337827, 1637231863.2131345, 1637231863.6045365, 1637231864.0652595, 1637231864.4048066, 1637231864.7677379, 1637231865.1047645, 1637231869.7588995, 1637231871.0230176, 1637231872.3209264, 1637231873.680861, 1637231875.0000045, 1637231876.306883, 1637231877.601723, 1637231878.8932397, 1637231880.241442, 1637231881.4087713, 1637231886.015907, 1637231887.3253615, 1637231888.6497104, 1637231889.936328, 1637231891.245325, 1637231892.5700989, 1637231893.8607092, 1637231895.0818293, 1637231896.3526642, 1637231897.7359993, 1637231902.5711432, 1637231903.8920307, 1637231905.1996026, 1637231906.5028682, 1637231907.8509784, 1637231909.1304295, 1637231910.444579, 1637231911.7850828, 1637231913.036617, 1637231914.3090496, 1637231918.9643745, 1637231920.292961, 1637231921.5429301, 1637231922.74579, 1637231924.0922768, 1637231925.4572155, 1637231926.7147074, 1637231927.9907558, 1637231929.297684, 1637231930.64666, 1637231935.3784037, 1637231936.5940344, 1637231937.8936088, 1637231939.1741128, 1637231940.5518444, 1637231941.8955426, 1637231943.1577091, 1637231944.2450678, 1637231945.5401776, 1637231946.8385687, 1637231951.7606692, 1637231953.0181677, 1637231954.3460877, 1637231955.6833928, 1637231956.9485488, 1637231958.2359924, 1637231959.5217836, 1637231960.8232148, 1637231962.1569633, 1637231963.5793512, 1637231968.5070333, 1637231969.9354367, 1637231971.3231585, 1637231972.7165976, 1637231974.0659604, 1637231975.4322128, 1637231976.885923, 1637231978.3224463, 1637231979.701188, 1637231981.0124874, 1637231986.0284169, 1637231987.2842672, 1637231988.7104785, 1637231990.1129277, 1637231991.4472778, 1637231992.786588, 1637231994.1243129, 1637231995.470222, 1637231996.8572433, 1637231998.2108374, 1637232003.209016, 1637232004.3876753, 1637232005.6354952, 1637232006.9584484, 1637232008.2319803, 1637232009.5667276, 1637232010.8798406, 1637232012.1648648, 1637232013.4635255, 1637232014.756538, 1637232019.8103514, 1637232021.101957, 1637232022.4018009, 1637232023.6953099, 1637232025.056787, 1637232026.4327676, 1637232027.7467275, 1637232029.1240215, 1637232030.5801666, 1637232031.9139245, 1637232037.1122441, 1637232038.3425689, 1637232039.585587, 1637232040.879727, 1637232042.1785855, 1637232043.6105256, 1637232044.9307418, 1637232046.306759, 1637232047.6211448, 1637232049.0029483, 1637232054.321922, 1637232055.619485, 1637232056.980791, 1637232058.3241878, 1637232059.6802053, 1637232061.056778, 1637232062.218443, 1637232063.2513902, 1637232064.6019816, 1637232065.7875462, 1637232067.0905607, 1637232071.9970632, 1637232073.2254574, 1637232074.4022276, 1637232075.5860934, 1637232076.9403036, 1637232078.159196, 1637232079.4438295, 1637232080.668298, 1637232081.992084, 1637232083.414228, 1637232088.2724442, 1637232089.6166213, 1637232090.966438, 1637232092.274193, 1637232093.5144992, 1637232094.8113759, 1637232095.9818053, 1637232096.9812045, 1637232098.2105896, 1637232099.4056084, 1637232104.281903, 1637232105.4784935, 1637232106.6876352, 1637232107.9796057, 1637232109.3100984, 1637232110.6766732, 1637232112.0326786, 1637232113.3259816, 1637232114.5185173, 1637232115.7073016, 1637232121.0723953, 1637232122.094692, 1637232123.401771, 1637232124.6896992, 1637232126.0136895, 1637232127.3670583, 1637232128.6344483, 1637232129.9612947, 1637232131.2985, 1637232132.6544912, 1637232137.629364, 1637232138.8343446, 1637232140.0609567, 1637232141.3886864, 1637232142.768084, 1637232144.0830085, 1637232144.7323318, 1637232146.015569, 1637232146.8384793, 1637232148.1242878, 1637232149.4814541, 1637232150.890792, 1637232155.6096509, 1637232156.7253718, 1637232157.9027507, 1637232159.1194286, 1637232160.3631704, 1637232161.6456757, 1637232163.0134215, 1637232164.3178291, 1637232165.6620188, 1637232166.9514794, 1637232172.0994856, 1637232173.4616635, 1637232174.7865245, 1637232176.1141949, 1637232176.9586394, 1637232178.1374736, 1637232179.5815675, 1637232180.7987661, 1637232182.0602417, 1637232183.3881228, 1637232188.4609876, 1637232189.8108146, 1637232191.2575567, 1637232192.6268933, 1637232193.9097366, 1637232195.3347368, 1637232196.7193172, 1637232197.9717357, 1637232199.332968, 1637232200.5829608, 1637232201.515266, 1637232206.5094044, 1637232207.8850172, 1637232209.2505052, 1637232210.6582294, 1637232212.1550903, 1637232213.528328, 1637232214.9133997, 1637232216.2337527, 1637232217.545706, 1637232218.8420513, 1637232224.3567815, 1637232225.706564, 1637232227.1245325, 1637232228.4562063, 1637232229.8735693, 1637232231.2777421, 1637232232.6973524, 1637232234.0571008, 1637232235.3455741, 1637232236.7190444, 1637232242.3992586, 1637232243.827237, 1637232245.2562783, 1637232246.8635418, 1637232248.2227037, 1637232249.5440466, 1637232250.81214, 1637232251.784204, 1637232253.1996062, 1637232254.609462, 1637232259.6054566, 1637232260.9417179, 1637232262.3827848, 1637232263.7540727, 1637232265.3915265, 1637232267.0102797, 1637232268.388834, 1637232269.7146842, 1637232271.0087311, 1637232272.4486835, 1637232278.1087646, 1637232279.5071008, 1637232280.9783516, 1637232282.4841208, 1637232283.9161525, 1637232285.1922722, 1637232286.4436684, 1637232287.7639065, 1637232289.086433, 1637232290.4490914, 1637232295.6754024, 1637232296.9727244, 1637232298.2998571, 1637232299.7753658, 1637232301.2226596, 1637232302.6683178, 1637232304.1604638, 1637232305.1283739, 1637232306.4677365, 1637232307.8621614, 1637232309.2733674, 1637232314.8817778, 1637232316.1998014, 1637232317.5264826, 1637232318.938987, 1637232320.4676008, 1637232321.8807101, 1637232323.3202708, 1637232324.8079348, 1637232326.304477, 1637232327.7516172, 1637232333.3523679, 1637232334.805104, 1637232336.400494, 1637232337.9013908, 1637232339.2777176, 1637232340.6334493, 1637232342.0194316, 1637232343.4563005, 1637232344.929891, 1637232346.4713566, 1637232352.5592139, 1637232354.123495, 1637232355.5692644, 1637232357.1861415, 1637232358.8027651, 1637232360.0321245, 1637232361.730417, 1637232363.4837034, 1637232365.3291018, 1637232367.0521152, 1637232373.646581, 1637232375.3394287, 1637232377.0071936, 1637232378.684548, 1637232380.384569, 1637232382.0924394, 1637232383.7206185, 1637232385.7647977, 1637232387.6071436, 1637232389.201615, 1637232395.9889119, 1637232397.7173784, 1637232399.459533, 1637232401.271716, 1637232403.0511715, 1637232404.8893225, 1637232406.548624, 1637232408.2461665, 1637232409.9665492, 1637232410.969349, 1637232412.657011, 1637232419.496369, 1637232421.2045321, 1637232422.9854484, 1637232424.781961, 1637232426.6454124, 1637232428.3940775, 1637232430.18492, 1637232431.9143846, 1637232433.6888278, 1637232435.414705, 1637232441.9915388, 1637232443.7427258, 1637232445.5432467, 1637232447.315384, 1637232449.062426, 1637232450.8077419, 1637232452.4600484, 1637232454.0839741, 1637232455.7333646, 1637232457.4613147, 1637232464.0760908, 1637232465.689173, 1637232467.4162793, 1637232469.1196601, 1637232470.749483, 1637232472.5351014, 1637232474.4581478, 1637232476.049104, 1637232477.689445, 1637232479.3212993, 1637232486.2922847, 1637232487.9488008, 1637232489.805819, 1637232491.5789704, 1637232493.302581, 1637232494.9776106, 1637232496.7445614, 1637232498.5221586, 1637232500.2857628, 1637232501.3030643, 1637232502.0719688, 1637232509.1884665, 1637232510.7021022, 1637232512.5598016, 1637232514.3158085, 1637232516.0501976, 1637232517.7805245, 1637232519.5539155, 1637232521.272095, 1637232522.8766372, 1637232524.5734665, 1637232532.0634341, 1637232533.837657, 1637232535.502683, 1637232537.1312318, 1637232538.6955075, 1637232540.4197, 1637232542.1421325, 1637232543.8299615, 1637232545.1210876, 1637232545.9932559, 1637232547.730387, 1637232554.3924716, 1637232555.8145623, 1637232557.4868388, 