{"initial_reset_timestamp": 1637231851.7479079, "timestamps": [1637231852.013708, 1637231852.369697, 1637231852.664783, 1637231852.9307292, 1637231853.180906, 1637231853.4671347, 1637231853.7425108, 1637231853.985114, 1637231854.2315629, 1637231854.477332, 1637231859.0417602, 1637231859.308519, 1637231859.5758483, 1637231859.8349519, 1637231860.1127145, 1637231860.3657544, 1637231860.6202, 1637231860.8850112, 1637231861.2353182, 1637231861.4905097, 1637231866.3492396, 1637231866.6010528, 1637231866.8581798, 1637231867.1128666, 1637231867.3640969, 1637231867.6208582, 1637231867.8754752, 1637231868.1681104, 1637231868.4166322, 1637231868.7205977, 1637231882.6442597, 1637231882.9133759, 1637231883.1715686, 1637231883.4224727, 1637231883.6826618, 1637231883.9364667, 1637231884.2248044, 1637231884.4845, 1637231884.7444446, 1637231885.0003479, 1637231899.06561, 1637231899.3571181, 1637231899.614447, 1637231899.8711703, 1637231900.1336129, 1637231900.4775357, 1637231900.7473965, 1637231900.9957604, 1637231901.2698162, 1637231901.5242665, 1637231915.624407, 1637231915.8945293, 1637231916.1596575, 1637231916.4376292, 1637231916.7019114, 1637231916.967548, 1637231917.2112036, 1637231917.4550736, 1637231917.697558, 1637231917.9406748, 1637231931.9269202, 1637231932.1783793, 1637231932.4282591, 1637231932.6817677, 1637231932.9304426, 1637231933.1848752, 1637231933.5073757, 1637231933.796091, 1637231934.112662, 1637231934.3895926, 1637231948.384986, 1637231948.6300251, 1637231949.0237076, 1637231949.2648265, 1637231949.505198, 1637231949.791717, 1637231950.0397298, 1637231950.3288486, 1637231950.6994853, 1637231950.9478912, 1637231965.2717068, 1637231965.5225043, 1637231965.775343, 1637231966.0255744, 1637231966.2889726, 1637231966.560663, 1637231966.8688917, 1637231967.1124036, 1637231967.3683066, 1637231967.628632, 1637231982.595058, 1637231982.8518686, 1637231983.1047106, 1637231983.3532567, 1637231983.761983, 1637231984.0521362, 1637231984.3341644, 1637231984.5991766, 1637231984.8705432, 1637231985.1669312, 1637231999.8580537, 1637232000.1329348, 1637232000.5184188, 1637232000.799091, 1637232001.1001751, 1637232001.3880038, 1637232001.652342, 1637232001.9169326, 1637232002.1725373, 1637232002.430412, 1637232016.3265493, 1637232016.5782778, 1637232016.8403697, 1637232017.1305106, 1637232017.4069118, 1637232017.7535493, 1637232018.1056252, 1637232018.458181, 1637232018.71031, 1637232018.9703975, 1637232033.5379448, 1637232033.801614, 1637232034.0610654, 1637232034.352246, 1637232034.6525917, 1637232034.951083, 1637232035.284346, 1637232035.6222944, 1637232035.9678206, 1637232036.3378818, 1637232050.8214355, 1637232051.1740978, 1637232051.4483023, 1637232051.7060912, 1637232051.9682608, 1637232052.335629, 1637232052.6176019, 1637232052.939827, 1637232053.267592, 1637232053.5447235, 1637232068.5533125, 1637232068.8130503, 1637232069.0733435, 1637232069.3377068, 1637232069.6046925, 1637232069.875871, 1637232070.150865, 1637232070.411948, 1637232070.6801558, 1637232070.9408698, 1637232085.0376294, 1637232085.309007, 1637232085.555999, 1637232085.801639, 1637232086.0443654, 1637232086.2911375, 1637232086.535179, 1637232086.830005, 1637232087.1600895, 1637232087.4211056, 1637232101.1292558, 1637232101.4765046, 1637232101.7814775, 1637232102.0573685, 1637232102.2986612, 1637232102.580765, 1637232102.8866186, 1637232103.1522388, 1637232103.4079561, 1637232103.6637833, 1637232117.7840753, 1637232118.1317484, 1637232118.4519124, 1637232118.7139456, 1637232118.967839, 1637232119.2234092, 1637232119.504594, 1637232119.8205812, 1637232120.1614919, 1637232120.4431896, 1637232134.9756227, 1637232135.2573502, 1637232135.556379, 1637232135.8325474, 1637232136.125419, 1637232136.4040713, 1637232136.6648211, 1637232136.91948, 1637232137.1724494, 1637232137.4896526, 1637232152.2157774, 1637232152.491148, 1637232152.7564392, 1637232152.9946465, 1637232153.2333438, 1637232153.5657861, 1637232153.8322759, 1637232154.0782778, 1637232154.327777, 1637232154.5780418, 1637232168.5327258, 1637232168.846804, 1637232169.1664898, 1637232169.4219565, 1637232169.6889052, 1637232169.952707, 1637232170.2988744, 1637232170.6003425, 1637232170.9115715, 1637232171.1809242, 1637232185.7454956, 1637232186.0252273, 1637232186.281607, 1637232186.5433838, 1637232186.7991614, 1637232187.0567813, 1637232187.3251474, 1637232187.595981, 1637232187.9135056, 1637232188.1730003, 1637232203.0037534, 1637232203.2700086, 1637232203.537544, 1637232203.7908928, 1637232204.0637882, 1637232204.3264704, 1637232204.6606143, 1637232204.9208508, 1637232205.1752305, 1637232205.4366283, 1637232220.3585355, 1637232220.7512038, 1637232221.2312586, 1637232221.5268729, 1637232221.8788824, 1637232222.2415404, 1637232222.5021183, 1637232222.7870793, 1637232223.0664256, 1637232223.3288097, 1637232238.0808482, 1637232238.420299, 1637232238.7448022, 1637232239.134675, 1637232239.5481777, 1637232239.916836, 1637232240.2729359, 1637232240.643666, 1637232241.0014586, 1637232241.3102756, 1637232256.8382964, 1637232257.1015515, 1637232257.3699832, 1637232257.6289353, 1637232257.8892915, 1637232258.143608, 1637232258.3991294, 1637232258.707575, 1637232258.9706209, 1637232259.2326913, 1637232274.8553314, 1637232275.2704508, 1637232275.6503458, 1637232275.925384, 1637232276.2355886, 1637232276.5360708, 1637232276.8692822, 1637232277.1646595, 1637232277.4388483, 1637232277.7463996, 1637232292.7466857, 1637232293.0218468, 1637232293.2888405, 1637232293.5473483, 1637232293.8095412, 1637232294.1371777, 1637232294.4716475, 1637232294.746297, 1637232295.0201058, 1637232295.3091705, 1637232310.857571, 1637232311.1885839, 1637232311.4672422, 1637232311.7538307, 1637232312.0185404, 1637232312.3483787, 1637232312.7116663, 1637232313.0723715, 1637232313.4410923, 1637232313.9128494, 1637232329.4632342, 1637232329.8502228, 1637232330.2332218, 1637232330.5723715, 1637232330.9511333, 1637232331.2906983, 1637232331.5588932, 1637232331.8211172, 1637232332.0713363, 1637232332.346484, 1637232348.4575145, 1637232348.7793791, 1637232349.1126251, 1637232349.510616, 1637232349.8770587, 1637232350.1987698, 1637232350.4676878, 1637232350.744761, 1637232351.0315511, 1637232351.3572047, 1637232369.4460852, 1637232369.8229735, 1637232370.2675538, 1637232370.6548991, 1637232371.070253, 1637232371.410475, 1637232371.764662, 1637232372.0566094, 1637232372.4576879, 1637232372.7864466, 1637232391.8454313, 1637232392.194058, 1637232392.598128, 1637232392.985535, 1637232393.3377874, 1637232393.7471073, 1637232394.2326205, 1637232394.6013398, 1637232394.9620533, 1637232395.3063731, 1637232414.8108718, 1637232415.1403103, 1637232415.5541499, 1637232415.9756184, 1637232416.329314, 1637232416.7409215, 1637232417.116888, 1637232417.4965508, 1637232417.919647, 1637232418.3471036, 1637232437.389236, 1637232437.7638738, 1637232438.1913621, 1637232438.5423405, 1637232438.9392033, 1637232439.2240953, 1637232439.580544, 1637232439.9394925, 1637232440.3641994, 1637232440.7348168, 1637232459.3978937, 1637232459.8427887, 1637232460.172931, 1637232460.5219848, 1637232460.9026532, 1637232461.3314106, 1637232461.7220132, 1637232462.141504, 1637232462.479129, 1637232462.9105625, 1637232481.5149865, 1637232481.8762407, 1637232482.266887, 1637232482.668272, 1637232483.0505793, 1637232483.424852, 1637232483.7838438, 1637232484.2334235, 1637232484.6238003, 1637232485.022963, 1637232504.4674916, 1637232504.8538935, 1637232505.271904, 1637232505.7237287, 1637232506.1123888, 1637232506.5762079, 1637232506.881089, 1637232507.2962139, 1637232507.7016487, 1637232508.1237311, 1637232527.0981278, 1637232527.510032, 1637232527.9658878, 1637232528.4190753, 1637232528.8280263, 1637232529.2416391, 1637232529.648113, 1637232530.0517583, 1637232530.457837, 1637232530.803557, 1637232531.2030814, 1637232549.8003001, 1637232550.180101, 1637232550.5844846, 1637232551.014649, 1637232551.3459306, 1637232551.6729813, 1637232552.0385966, 1637232552.400692, 1637232552.81229, 1637232553.210643, 1637232571.8420148, 