{"initial_reset_timestamp": 1637222956.6390183, "timestamps": [1637222961.4841387, 1637222961.7571714, 1637222962.1835835, 1637222962.6360903, 1637222963.019393, 1637222963.3791316, 1637222963.7698524, 1637222964.2592158, 1637222964.6709242, 1637222965.1153774, 1637222969.2851849, 1637222969.6197004, 1637222970.0099905, 1637222970.3775709, 1637222970.7292578, 1637222971.0805523, 1637222971.427857, 1637222971.8280842, 1637222972.2072537, 1637222972.5496256, 1637222976.5555928, 1637222976.8997982, 1637222977.256828, 1637222977.6352358, 1637222977.9792356, 1637222978.3204532, 1637222978.6681306, 1637222979.028599, 1637222979.3782535, 1637222979.7262888, 1637222983.796126, 1637222984.1428218, 1637222984.519357, 1637222984.8653712, 1637222985.209098, 1637222985.5572813, 1637222985.9004116, 1637222986.2566884, 1637222986.614017, 1637222986.9559767, 1637222990.8009422, 1637222991.1473408, 1637222991.4946537, 1637222991.8532848, 1637222992.2070084, 1637222992.6941504, 1637222993.1071951, 1637222993.5681152, 1637222994.002309, 1637222994.3607228, 1637222998.4478095, 1637222998.9188151, 1637222999.3227797, 1637222999.7252116, 1637223000.2142758, 1637223000.6980865, 1637223001.149363, 1637223001.5721483, 1637223001.9832437, 1637223002.4321349, 1637223006.625163, 1637223006.975417, 1637223007.35279, 1637223007.7150314, 1637223008.17945, 1637223008.5117137, 1637223008.862965, 1637223009.2600324, 1637223009.6120403, 1637223009.9607065, 1637223013.9941251, 1637223014.348053, 1637223014.7015977, 1637223015.0474975, 1637223015.394175, 1637223015.754612, 1637223016.2284334, 1637223016.6982005, 1637223017.1549685, 1637223017.517872, 1637223021.7555819, 1637223022.1581748, 1637223022.6179373, 1637223023.0502658, 1637223023.3945904, 1637223023.728705, 1637223024.104935, 1637223024.5948424, 1637223024.9802752, 1637223025.3261633, 1637223029.4830663, 1637223029.895364, 1637223030.2467828, 1637223030.6830482, 1637223031.0836499, 1637223031.453145, 1637223031.7862747, 1637223032.1937754, 1637223032.5550241, 1637223032.8883579, 1637223038.2307127, 1637223039.7423663, 1637223041.2584465, 1637223042.7396035, 1637223044.2126498, 1637223045.683037, 1637223047.1378446, 1637223048.509543, 1637223049.903806, 1637223051.2741575, 1637223056.544509, 1637223057.9189982, 1637223059.1793394, 1637223060.52265, 1637223061.9809232, 1637223063.4430761, 1637223064.8583813, 1637223066.1572008, 1637223067.5974355, 1637223068.9255917, 1637223074.3343947, 1637223075.8156126, 1637223077.2838578, 1637223078.7187338, 1637223080.0908926, 1637223081.5249472, 1637223083.0160801, 1637223084.4893064, 1637223086.0078115, 1637223087.3230789, 1637223092.6527967, 1637223094.079976, 1637223095.518955, 1637223096.9693377, 1637223098.3230898, 1637223099.6412828, 1637223100.9901626, 1637223102.4948194, 1637223103.9631917, 1637223105.4183898, 1637223110.9052622, 1637223112.397994, 1637223114.040349, 1637223115.5333056, 1637223116.8952181, 1637223118.487012, 1637223119.9898603, 1637223121.4734814, 1637223123.1544225, 1637223124.5899184, 1637223130.5529003, 1637223132.0290682, 1637223133.476112, 1637223135.041691, 1637223136.5500946, 1637223138.2541113, 1637223139.8899953, 1637223141.4336503, 1637223142.847658, 1637223144.5684536, 1637223150.691803, 1637223152.1479144, 1637223153.4919891, 1637223154.9065027, 1637223156.4305031, 1637223157.8566282, 1637223159.2676396, 1637223160.7698047, 1637223162.2242944, 1637223163.7058086, 1637223169.4467807, 1637223170.9659235, 1637223172.3753624, 1637223173.8559265, 1637223175.355594, 1637223176.8943996, 1637223178.4057236, 1637223179.9322977, 1637223181.4683366, 1637223183.0483005, 1637223189.2162862, 1637223190.7654228, 1637223192.2995524, 1637223193.8852637, 1637223195.34057, 1637223196.7817414, 1637223198.2337937, 1637223199.8246768, 1637223201.4561887, 1637223202.9306755, 1637223208.8188353, 1637223210.3260148, 1637223212.0103168, 1637223213.4809623, 1637223215.1164126, 1637223216.707992, 1637223218.3150668, 1637223219.9115562, 1637223221.4994988, 1637223223.1322966, 1637223229.091675, 1637223230.6596029, 1637223232.1141322, 1637223233.583399, 1637223235.1188393, 1637223236.8112447, 1637223238.2317033, 1637223239.7532947, 1637223241.2810888, 1637223242.7594514, 1637223248.6504445, 1637223250.2930832, 1637223251.724486, 1637223253.2759533, 1637223254.9095407, 1637223256.57239, 1637223258.0471308, 1637223259.5238597, 1637223261.0779696, 1637223262.5597408, 1637223268.8214574, 1637223270.3541508, 1637223271.998316, 1637223273.654311, 1637223275.2417772, 1637223276.7863095, 1637223278.4220889, 1637223279.8754163, 1637223281.3122048, 1637223282.6799738, 1637223288.7065418, 1637223290.2802887, 1637223291.8454068, 1637223293.3592913, 1637223294.8329597, 1637223296.2742505, 1637223297.8046448, 1637223299.1828873, 1637223300.60841, 1637223302.1022685, 1637223307.823407, 1637223309.3620486, 1637223310.8979905, 1637223312.5343454, 1637223314.1180904, 1637223315.638821, 1637223317.1863825, 1637223318.8079402, 1637223320.376343, 1637223321.865987, 1637223328.021337, 1637223329.4495323, 1637223330.9471316, 1637223332.3842125, 1637223333.9331079, 1637223335.4323266, 1637223336.8643596, 1637223338.267956, 1637223339.7467601, 1637223341.1965222, 1637223347.5147989, 1637223348.898444, 1637223350.3592584, 1637223352.0421274, 1637223353.3151803, 1637223354.7634556, 1637223355.8179739, 1637223357.3703744, 1637223358.9241872, 1637223360.4629138, 1637223366.258062, 1637223367.8183017, 1637223369.4781318, 1637223370.5139256, 1637223371.9811802, 1637223373.6571288, 1637223374.6783557, 1637223376.2722118, 1637223377.76654, 1637223379.3488371, 1637223380.8148007, 1637223386.4766285, 1637223387.6180477, 1637223389.1592422, 1637223390.7089262, 1637223392.301224, 1637223393.6816282, 1637223395.3516645, 1637223396.9363058, 1637223398.4507132, 1637223400.100134, 1637223401.4304845, 1637223407.6649585, 1637223409.2913148, 1637223410.9223373, 1637223412.427223, 1637223413.2295053, 1637223414.7909942, 1637223416.4634602, 1637223418.2229934, 1637223419.9216018, 1637223421.5105479, 1637223427.6695917, 1637223429.230581, 1637223430.8262682, 1637223432.454503, 1637223433.981582, 1637223435.5398433, 1637223437.0216115, 1637223438.0133665, 1637223439.55926, 1637223441.0585778, 1637223442.3685277, 1637223449.4705, 1637223451.0984862, 1637223452.7007596, 1637223454.3384025, 1637223455.9523566, 1637223457.2854996, 1637223459.0086434, 1637223460.32533, 1637223461.3012204, 1637223462.8844178, 1637223464.603809, 1637223471.0523818, 1637223472.5994308, 1637223474.146705, 1637223475.8395495, 1637223477.397279, 1637223478.9609473, 1637223480.7099986, 1637223481.7891595, 1637223483.3383183, 1637223485.0077684, 1637223492.128468, 1637223493.7427623, 1637223495.3014634, 1637223496.7315562, 1637223498.2302077, 1637223499.7353065, 1637223501.0710046, 1637223502.0919778, 1637223503.7289026, 1637223505.257196, 1637223506.923092, 1637223513.045428, 1637223514.7105932, 1637223516.2704628, 1637223517.900807, 1637223519.3563075, 1637223520.951572, 1637223522.482933, 1637223523.9764857, 1637223525.474793, 1637223527.0629063, 1637223533.091137, 1637223534.5997865, 1637223536.0648842, 1637223537.5523615, 1637223539.1345744, 1637223540.7898967, 1637223542.4302192, 1637223543.8854043, 1637223545.4042292, 1637223547.0940106, 1637223552.7949579, 1637223554.3258793, 1637223555.9667675, 1637223557.4417546, 1637223559.0656016, 1637223560.6465771, 1637223562.1865227, 1637223563.7040806, 1637223565.3040884, 1637223566.7423563, 1637223573.0923276, 1637223574.6432817, 1637223576.2485807, 1637223577.7335982, 1637223579.1767347, 1637223580.673538, 1637223582.179888, 1637223583.558817, 1637223585.1862845, 1637223586.6876698, 1637223593.0042055, 1637223594.6610367, 1637223596.2137988, 1637223597.8877177, 1637223599.3772264, 1637223600.6443133, 1637223602.147958, 1637223603.7922432, 1637223605.3394341, 1637223606.8561802, 1637223612.7924917, 1637223614.5721164, 1637223616.1909642, 1637223617.9025214, 1637223619.5245974, 1637223620.9618466, 