{"initial_reset_timestamp": 1637222958.6988451, "timestamps": [1637222958.9666817, 1637222959.23128, 1637222959.5355322, 1637222959.8328843, 1637222960.0956566, 1637222960.4019346, 1637222960.6607435, 1637222960.9290097, 1637222961.1827123, 1637222961.4426405, 1637222966.4569259, 1637222966.841142, 1637222967.155508, 1637222967.4660199, 1637222967.8078332, 1637222968.0776656, 1637222968.3404396, 1637222968.610383, 1637222968.87361, 1637222969.1236038, 1637222973.7768471, 1637222974.0306573, 1637222974.2896903, 1637222974.5654378, 1637222974.9274204, 1637222975.2894075, 1637222975.6199312, 1637222975.8713675, 1637222976.1257734, 1637222976.3892999, 1637222981.0210078, 1637222981.3733082, 1637222981.707661, 1637222981.9910088, 1637222982.2514708, 1637222982.5302532, 1637222982.844162, 1637222983.0899107, 1637222983.361848, 1637222983.6288292, 1637222988.2059247, 1637222988.501496, 1637222988.7572954, 1637222989.0175135, 1637222989.2777612, 1637222989.5499876, 1637222989.8555152, 1637222990.1250117, 1637222990.383973, 1637222990.6387243, 1637222995.614349, 1637222995.8753555, 1637222996.1636531, 1637222996.454042, 1637222996.7402458, 1637222996.984807, 1637222997.325191, 1637222997.5944452, 1637222997.934672, 1637222998.285945, 1637223003.7828372, 1637223004.056104, 1637223004.3833644, 1637223004.679189, 1637223004.9732177, 1637223005.2902358, 1637223005.5485692, 1637223005.8384376, 1637223006.1748164, 1637223006.4590833, 1637223011.2642486, 1637223011.5442944, 1637223011.806446, 1637223012.1347582, 1637223012.4285352, 1637223012.734642, 1637223013.0071945, 1637223013.305611, 1637223013.5665214, 1637223013.8270257, 1637223018.8018744, 1637223019.08693, 1637223019.408236, 1637223019.6710296, 1637223020.0223901, 1637223020.3188148, 1637223020.5938983, 1637223020.9479566, 1637223021.2534218, 1637223021.5884979, 1637223026.5582228, 1637223026.8919947, 1637223027.2082105, 1637223027.4705665, 1637223027.7274518, 1637223028.012546, 1637223028.346283, 1637223028.6817307, 1637223029.0043607, 1637223029.3179808, 1637223034.3188682, 1637223034.6626759, 1637223034.929092, 1637223035.2469046, 1637223035.5312734, 1637223035.920168, 1637223036.258025, 1637223036.5625136, 1637223036.824118, 1637223037.0887117, 1637223052.6359959, 1637223052.9076004, 1637223053.1701875, 1637223053.475457, 1637223053.763299, 1637223054.125636, 1637223054.3836255, 1637223054.6963272, 1637223055.0376482, 1637223055.438988, 1637223070.3613393, 1637223070.6385264, 1637223070.9592214, 1637223071.2309024, 1637223071.5443819, 1637223071.8322759, 1637223072.1653326, 1637223072.4778683, 1637223072.7862475, 1637223073.1208096, 1637223088.7804806, 1637223089.0283153, 1637223089.2888937, 1637223089.5913858, 1637223089.901719, 1637223090.2404175, 1637223090.6201138, 1637223090.9244015, 1637223091.2487063, 1637223091.5056055, 1637223106.8001323, 1637223107.0889847, 1637223107.325415, 1637223107.6229572, 1637223107.8625422, 1637223108.1810987, 1637223108.507593, 1637223108.9206169, 1637223109.3262646, 1637223109.668669, 1637223126.2719488, 1637223126.7029288, 1637223127.0337143, 1637223127.3572266, 1637223127.6803901, 1637223127.9864187, 1637223128.3419344, 1637223128.6114042, 1637223128.9284678, 1637223129.289069, 1637223146.2535946, 1637223146.5674002, 1637223146.8871405, 1637223147.269321, 1637223147.6127884, 1637223147.9421551, 1637223148.2511625, 1637223148.620467, 1637223148.9883504, 1637223149.3370426, 1637223165.284316, 1637223165.6126165, 1637223165.874333, 1637223166.275048, 1637223166.6284797, 1637223166.9463546, 1637223167.2073455, 1637223167.5363083, 1637223167.8896124, 1637223168.2365592, 1637223184.7399423, 1637223185.0430472, 1637223185.4504087, 1637223185.8727114, 1637223186.1333764, 1637223186.5019426, 1637223186.8323493, 1637223187.178235, 1637223187.5830786, 1637223187.9445133, 1637223204.4883726, 1637223204.7562058, 1637223205.1402113, 1637223205.4373107, 1637223205.7121212, 1637223206.0036976, 1637223206.3565578, 1637223206.7197886, 1637223207.1145813, 1637223207.5481086, 1637223224.7286084, 1637223225.0805316, 1637223225.4390533, 1637223225.7309813, 1637223226.1658945, 1637223226.486731, 1637223226.7960694, 1637223227.1220217, 1637223227.4704268, 1637223227.8357384, 1637223244.4924777, 1637223244.796343, 1637223245.0999396, 1637223245.3644364, 1637223245.6671066, 1637223245.995953, 1637223246.2705224, 1637223246.6158113, 1637223246.9318893, 1637223247.2929769, 1637223264.270212, 1637223264.5936105, 1637223264.9872732, 1637223265.3735182, 1637223265.7833517, 1637223266.1919851, 1637223266.5760186, 1637223266.9299862, 1637223267.2972946, 1637223267.618199, 1637223284.4650981, 1637223284.7490885, 1637223285.053963, 1637223285.4184391, 1637223285.817335, 1637223286.2474017, 1637223286.5539203, 1637223286.8198032, 1637223287.1859107, 1637223287.5765362, 1637223303.7625887, 1637223304.032443, 1637223304.336535, 1637223304.7095163, 1637223305.044718, 1637223305.3587277, 1637223305.7296102, 1637223306.129246, 1637223306.4662673, 1637223306.742962, 1637223323.8035944, 1637223324.1892548, 1637223324.4875038, 1637223324.8511972, 1637223325.1162531, 1637223325.5138004, 1637223325.818698, 1637223326.1793804, 1637223326.5424118, 1637223326.9200413, 1637223343.113394, 1637223343.432591, 1637223343.749781, 1637223344.1595235, 1637223344.5471256, 1637223344.8666894, 1637223345.2321987, 1637223345.6223748, 1637223346.0487983, 1637223346.4575133, 1637223362.8680525, 1637223363.2129192, 1637223363.6363752, 1637223363.974938, 1637223364.3381538, 1637223364.6835196, 1637223365.004445, 1637223365.3082137, 1637223365.585973, 1637223365.871651, 1637223383.201873, 1637223383.5529132, 1637223383.8669267, 1637223384.1321015, 1637223384.3776526, 1637223384.7631555, 1637223385.0917187, 1637223385.3962915, 1637223385.6909516, 1637223386.080472, 1637223403.487902, 1637223403.8240747, 1637223404.2028482, 1637223404.536365, 1637223404.8466225, 1637223405.152242, 1637223405.537344, 1637223405.9060247, 1637223406.2673502, 1637223406.6816652, 1637223424.4003193, 1637223424.6853683, 1637223425.0401683, 1637223425.3528986, 1637223425.7902708, 1637223426.1494846, 1637223426.4753075, 1637223426.7955875, 1637223427.173856, 1637223427.6303914, 1637223444.7013657, 1637223445.0515544, 1637223445.3990788, 1637223445.694541, 1637223445.9893122, 1637223446.291543, 1637223446.5006013, 1637223446.7343593, 1637223447.0907283, 1637223447.436324, 1637223447.734714, 1637223448.0646052, 1637223448.349967, 1637223448.6665924, 1637223448.9467716, 1637223466.9831448, 1637223467.4105291, 1637223467.7338452, 1637223468.054334, 1637223468.4366355, 1637223468.8208308, 1637223469.2346873, 1637223469.6010559, 1637223470.0130908, 1637223470.3739238, 1637223488.1817863, 1637223488.5873232, 1637223488.9752002, 1637223489.3969033, 1637223489.7909203, 1637223490.1594293, 1637223490.5919867, 1637223490.886644, 1637223491.2926874, 1637223491.6985817, 1637223492.001582, 1637223509.0970268, 1637223509.457858, 1637223509.844861, 1637223510.0715678, 1637223510.3725402, 1637223510.609729, 1637223510.9514964, 1637223511.2142506, 1637223511.589702, 1637223511.8583684, 1637223512.1816623, 1637223512.5888479, 1637223529.5783815, 1637223529.9617987, 1637223530.3143737, 1637223530.6871672, 1637223531.0494978, 1637223531.4212751, 1637223531.711463, 1637223532.0132775, 1637223532.369286, 1637223532.68257, 1637223549.528551, 1637223549.8635185, 1637223550.120742, 1637223550.4922376, 1637223550.7641416, 1637223551.0860713, 1637223551.3829796, 1637223551.7086601, 1637223552.0835102, 1637223552.452261, 1637223569.50353, 1637223569.9256082, 1637223570.2731586, 1637223570.6513834, 1637223571.1312892, 1637223571.4793415, 1637223571.7769346, 1637223572.0844738, 1637223572.353085, 1637223572.7340534, 1637223589.3339593, 1637223589.701186, 1637223590.0196948, 1637223590.4232357, 1637223590.8294756, 1637223591.219612, 1637223591.5983899, 1637223591.9559946, 1637223592.3337955, 1637223592.71281, 1637223609.8264, 1637223610.1750646, 1637223610.5095372, 1637223610.8066974, 