{"initial_reset_timestamp": 1637286512.3343654, "timestamps": [1637286516.3869429, 1637286516.841113, 1637286517.3883336, 1637286517.8024504, 1637286518.3292499, 1637286518.7636278, 1637286522.1255076, 1637286522.578571, 1637286522.9848063, 1637286523.4723747, 1637286523.9063866, 1637286524.345052, 1637286524.740244, 1637286529.3577728, 1637286531.814943, 1637286534.2469218, 1637286536.6652622, 1637286539.220073, 1637286541.754188, 1637286544.2961426, 1637286551.0601761, 1637286553.809845, 1637286556.619457, 1637286559.5863008, 1637286562.3650117, 1637286565.2695012, 1637286572.2949357, 1637286575.3241012, 1637286578.1741002, 1637286581.0667067, 1637286583.9952981, 1637286586.4350991, 1637286589.2905612, 1637286596.019086, 1637286598.969578, 1637286601.8777564, 1637286604.8374293, 1637286607.6491015, 1637286610.5644817, 1637286613.4110148, 1637286620.3420563, 1637286623.2055712, 1637286626.216655, 1637286629.04593, 1637286631.8391132, 1637286634.8054225, 1637286637.7043738, 1637286644.7746313, 1637286647.7434094, 1637286650.6550932, 1637286653.5638206, 1637286656.4906583, 1637286658.048734, 1637286660.1895852, 1637286661.787925, 1637286668.175962, 1637286671.0110788, 1637286672.4967659, 1637286674.3013124, 1637286677.0931592, 1637286679.614915, 1637286682.5927975, 1637286683.3886745, 1637286685.2551947, 1637286692.3458407, 1637286695.1121514, 1637286697.396343, 1637286700.2416377, 1637286703.110463, 1637286705.5162778, 1637286708.2608202, 1637286713.3829896, 1637286715.494252, 1637286716.4202094, 1637286717.990866, 1637286720.775302, 1637286722.3109155, 1637286725.200407, 1637286727.1218681, 1637286728.2222242, 1637286730.984598, 1637286731.6686006, 1637286740.2813597, 1637286743.1131701, 1637286744.980486, 1637286747.317473, 1637286749.5278604, 1637286750.7261312, 1637286753.548959, 1637286754.9016469, 1637286756.748195, 1637286763.7283216, 1637286766.5213406, 1637286767.8883963, 1637286770.883441, 1637286772.655751, 1637286775.5370219, 1637286777.6397269, 1637286779.6361876, 1637286781.8055434, 1637286791.488371, 1637286792.5158885, 1637286795.0468786, 1637286796.720254, 1637286799.6804597, 1637286802.5436356, 1637286804.9286656, 1637286807.8113592, 1637286815.2679563, 1637286818.177471, 1637286820.979064, 1637286823.7767599, 1637286826.6220648, 1637286829.5875967, 1637286832.42834, 1637286842.2610698, 1637286845.1630611, 1637286847.9949384, 1637286850.8881543, 1637286853.708946, 1637286856.5281894, 1637286859.4648323, 1637286870.276346, 1637286873.1731768, 1637286876.0075274, 1637286878.9870217, 1637286881.8191967, 1637286884.5248156, 1637286896.1335526, 1637286899.037603, 1637286902.0196443, 1637286904.862668, 1637286907.765508, 1637286910.689071, 1637286913.593985, 1637286924.4546304, 1637286927.2885695, 1637286930.1436648, 1637286933.0096755, 1637286935.8549309, 1637286938.7727401, 1637286941.7677255, 1637286952.2477064, 1637286955.1168222, 1637286957.9970527, 1637286960.9063537, 1637286963.79162, 1637286966.7798073, 1637286978.9594333, 1637286981.9222214, 1637286984.7515926, 1637286987.74234, 1637286990.6164005, 1637286993.528674, 1637286996.3563406, 1637287007.7821798, 1637287010.713407, 1637287013.5715919, 1637287016.3875859, 1637287019.1663172, 1637287021.9963603, 1637287024.8432124, 1637287036.8857806, 1637287039.7320483, 1637287042.5983448, 1637287045.4354174, 1637287048.2097516, 1637287051.0744689, 1637287060.9713585, 1637287063.7925677, 1637287066.6793618, 1637287069.5263488, 1637287072.2881541, 1637287075.0614295, 1637287077.797531, 1637287089.4609277, 1637287092.301331, 1637287095.1556332, 1637287097.990804, 1637287100.7760034, 1637287103.6369317, 1637287106.4941318, 1637287117.1347156, 1637287119.8829286, 1637287122.6744072, 1637287125.5122142, 1637287128.4246593, 1637287131.18535, 1637287142.8866286, 1637287145.7091098, 1637287148.5853589, 1637287151.4424698, 1637287154.1646667, 1637287156.9224544, 1637287159.7536726, 1637287171.1843884, 1637287174.0904405, 1637287176.8800058, 1637287179.7235284, 1637287182.4984283, 1637287185.316821, 1637287188.1778436, 1637287198.6797223, 1637287201.4800208, 1637287204.266352, 1637287206.974153, 1637287209.741467, 1637287212.626102, 1637287224.6948006, 1637287227.5528774, 1637287230.310894, 1637287233.0816255, 1637287235.9801104, 1637287238.9169164, 1637287241.747864, 1637287253.391872, 1637287256.216874, 1637287259.0412772, 1637287261.873897, 1637287264.7566524, 1637287267.5162165, 1637287270.3547282, 1637287280.669598, 1637287283.5816793, 1637287286.460053, 1637287289.236765, 1637287291.9922187, 1637287294.8051121, 1637287305.0653613, 1637287307.9352536, 1637287310.8790855, 1637287313.851102, 1637287316.665949, 1637287319.4938796, 1637287322.2863712, 1637287334.3246012, 1637287337.2316265, 1637287340.0635595, 1637287342.9285755, 1637287345.7196438, 1637287348.5749369, 1637287351.4136653, 1637287362.959633, 1637287365.8506832, 1637287368.6706185, 1637287371.5023646, 1637287374.2699475, 1637287377.146176, 1637287389.5365763, 1637287392.4436188, 1637287395.3281133, 1637287398.0909228, 1637287400.9181266, 1637287403.7280276, 1637287406.4564517, 1637287418.0039625, 1637287420.7691138, 1637287423.6850533, 1637287426.398232, 1637287429.1751766, 1637287431.990009, 1637287434.8804693, 1637287446.6209605, 1637287449.4607718, 1637287452.322933, 1637287455.1173334, 1637287457.9438555, 1637287460.7957678, 1637287472.301507, 1637287475.1666543, 1637287477.9748974, 1637287480.6811798, 1637287483.514289, 1637287486.349674, 1637287489.0729625, 1637287501.1335232, 1637287503.9192395, 1637287506.8061976, 1637287509.6476038, 1637287512.5137208, 1637287515.3530235, 1637287518.0837069, 1637287529.8835747, 1637287532.7721543, 1637287535.5845141, 1637287538.3664372, 1637287541.257081, 1637287544.1482494, 1637287555.96195, 1637287558.8069265, 1637287561.7302961, 1637287564.5328653, 1637287567.350712, 1637287570.171911, 1637287572.9526453, 1637287584.8498168, 1637287587.732376, 1637287590.589231, 1637287593.4169917, 1637287596.093378, 1637287598.72889, 1637287601.2505481, 1637287611.7213435, 1637287614.0431669, 1637287616.302982, 1637287618.7265213, 1637287621.0846224, 1637287623.4717314, 1637287633.9705307, 1637287636.3490217, 1637287638.842043, 1637287640.5027726, 1637287642.8647914, 1637287644.9174497, 1637287646.7758975, 1637287648.9647307, 1637287658.464115, 1637287660.4750369, 1637287662.3601346, 1637287664.2341907, 1637287666.066509, 1637287667.9154172, 1637287674.592551, 1637287676.4242637, 1637287678.2809932, 1637287680.1449304, 1637287681.9418552, 1637287683.8716109, 1637287685.7050962, 1637287692.6654258, 1637287694.4161785, 1637287696.1994708, 1637287698.0967202, 1637287699.945615, 1637287701.8013508, 1637287703.6434493, 1637287710.5504966, 1637287712.3180752, 1637287714.097135, 1637287715.8980865, 1637287717.67321, 1637287719.4460733, 1637287726.8155546, 1637287728.5949268, 1637287730.4618344, 1637287732.3346348, 1637287734.181458, 1637287736.036667, 1637287737.845473],