{"initial_reset_timestamp": 1637286521.8067667, "timestamps": [1637286526.1423929, 1637286526.5203996, 1637286527.1076279, 1637286527.6592162, 1637286528.2283237, 1637286528.806575, 1637286533.030354, 1637286533.7324884, 1637286534.3001127, 1637286534.9267972, 1637286535.6488335, 1637286536.2212834, 1637286536.9153063, 1637286542.3841848, 1637286544.8452067, 1637286547.6909292, 1637286550.5523012, 1637286553.2884479, 1637286556.004927, 1637286558.871841, 1637286565.8961666, 1637286568.7745671, 1637286571.6342275, 1637286574.508509, 1637286577.4718673, 1637286580.3348012, 1637286587.2712333, 1637286590.1869116, 1637286592.90215, 1637286595.7518835, 1637286598.696358, 1637286601.5942752, 1637286604.428899, 1637286611.302399, 1637286614.1179235, 1637286616.764974, 1637286619.6216857, 1637286622.5459068, 1637286625.508428, 1637286628.3183057, 1637286635.1346545, 1637286638.0359566, 1637286640.7413187, 1637286643.7097523, 1637286646.521399, 1637286649.3515146, 1637286656.456237, 1637286659.3955503, 1637286662.1756926, 1637286664.990065, 1637286667.8275497, 1637286670.6540637, 1637286673.4930432, 1637286680.2543368, 1637286683.1840522, 1637286686.1047459, 1637286688.9796927, 1637286691.9956944, 1637286694.735838, 1637286697.4919689, 1637286704.1090128, 1637286706.947504, 1637286709.731494, 1637286712.5417342, 1637286715.392033, 1637286718.1825075, 1637286725.0826764, 1637286727.901753, 1637286730.695231, 1637286733.5350337, 1637286736.3625002, 1637286739.2193813, 1637286741.942301, 1637286748.9077916, 1637286751.7942305, 1637286754.6417212, 1637286757.5403242, 1637286760.4599578, 1637286763.334364, 1637286766.046008, 1637286772.8647015, 1637286775.6554809, 1637286778.5386384, 1637286781.4703584, 1637286784.2512977, 1637286787.0506153, 1637286793.867698, 1637286796.7377412, 1637286799.7768047, 1637286802.5828187, 1637286805.40149, 1637286808.2157967, 1637286810.9014506, 1637286818.0765605, 1637286820.8152719, 1637286823.5456834, 1637286826.3675175, 1637286829.264646, 1637286832.0813227, 1637286834.9011908, 1637286842.1043932, 1637286844.802056, 1637286847.5479896, 1637286850.467065, 1637286853.3186886, 1637286856.1165502, 1637286863.1817434, 1637286865.9826362, 1637286868.7426744, 1637286871.6241524, 1637286874.4588583, 1637286877.3471563, 1637286880.1696646, 1637286887.1105328, 1637286889.897179, 1637286892.588031, 1637286895.3491523, 1637286898.3631625, 1637286901.3239527, 1637286904.1257262, 1637286911.2214825, 1637286913.962827, 1637286916.7038815, 1637286919.5785491, 1637286922.3229678, 1637286925.1585703, 1637286932.6676657, 1637286935.5248265, 1637286938.3670518, 1637286941.3042161, 1637286944.104781, 1637286946.8360775, 1637286949.750539, 1637286957.496759, 1637286960.3845842, 1637286963.1936948, 1637286966.1170063, 1637286969.0053928, 1637286971.95949, 1637286974.8609054, 1637286982.423588, 1637286985.2535417, 1637286988.1240492, 1637286991.0896895, 1637286993.9705048, 1637286996.8423052, 1637287004.848395, 1637287007.5455263, 1637287010.3794115, 1637287013.2355764, 1637287016.0273468, 1637287018.866008, 1637287021.6513944, 1637287028.7715428, 1637287031.5732303, 1637287034.426691, 1637287037.2763002, 1637287040.0367162, 1637287042.8662684, 1637287045.5885084, 1637287052.420518, 1637287055.1847808, 1637287058.044461, 1637287060.9419806, 1637287063.7407382, 1637287066.6162417, 1637287073.4638286, 1637287076.1743274, 1637287079.0050058, 1637287081.7363074, 1637287084.4902034, 1637287087.3087578, 1637287090.1004584, 1637287096.5887146, 1637287099.3644373, 1637287102.2605402, 1637287105.0435426, 1637287107.8728683, 1637287110.621091, 1637287113.454555, 1637287120.4085312, 1637287123.2134154, 1637287126.0224862, 1637287128.8465018, 1637287131.6097524, 1637287134.347011, 1637287141.206405, 1637287143.9140415, 1637287146.7554562, 1637287149.622912, 1637287152.4038732, 1637287155.1456537, 1637287157.9490502, 1637287164.9160807, 1637287167.6249173, 1637287170.4271703, 1637287173.2639425, 1637287176.089411, 1637287178.8438923, 1637287181.6284096, 1637287188.7644987, 1637287191.5058784, 1637287194.313688, 1637287197.1976752, 1637287199.959529, 1637287202.7944062, 1637287209.9413185, 1637287212.6685503, 1637287215.4662516, 1637287218.2674716, 1637287221.0346751, 1637287223.8469899, 1637287226.7021327, 1637287234.06218, 1637287236.8623307, 1637287239.6772687, 1637287242.5228083, 1637287245.1908178, 1637287247.9008138, 1637287250.7092562, 1637287259.142811, 1637287262.028214, 1637287264.8653316, 1637287267.6259933, 1637287270.3820398, 1637287273.0816765, 1637287281.7271497, 1637287284.491766, 1637287287.432465, 1637287290.2554228, 1637287292.9360533, 1637287295.7011042, 1637287298.5048888, 1637287306.9695241, 1637287309.8373258, 1637287312.5600553, 1637287315.2895741, 1637287318.0781422, 1637287320.6914408, 1637287323.403835, 1637287331.3533924, 1637287334.1713464, 1637287336.9836702, 1637287339.804734, 1637287342.6040974, 1637287345.3785272, 1637287352.7829022, 1637287355.5017185, 1637287358.2057254, 1637287360.9692934, 1637287363.7904859, 1637287366.5824642, 1637287369.3160703, 1637287376.909758, 1637287379.7626982, 1637287382.606813, 1637287385.411329, 1637287388.207328, 1637287390.9674435, 1637287393.850485, 1637287401.3623402, 1637287404.1657925, 1637287407.0327168, 1637287409.7958243, 1637287412.506197, 1637287415.3586717, 1637287423.506933, 1637287426.2755046, 1637287429.0469954, 1637287431.8366318, 1637287434.5592234, 1637287437.3543744, 1637287440.1527193, 1637287449.2122471, 1637287452.0007455, 1637287454.8567464, 1637287457.535682, 1637287460.3123958, 1637287463.1425, 1637287465.934303, 1637287476.239713, 1637287479.0522742, 1637287481.7412295, 1637287484.4884574, 1637287487.2850068, 1637287490.1259649, 1637287499.963628, 1637287502.751136, 1637287505.4776707, 1637287508.3230114, 1637287511.125762, 1637287513.9710355, 1637287516.8482432, 1637287526.231124, 1637287528.9595182, 1637287531.774774, 1637287534.6033635, 1637287537.4746728, 1637287540.1963525, 1637287543.0361328, 1637287552.4682498, 1637287555.2562535, 1637287558.0797524, 1637287560.9182665, 1637287563.7344186, 1637287566.492446, 1637287576.2878418, 1637287579.0834715, 1637287581.962184, 1637287584.8500075, 1637287587.615416, 1637287590.4643917, 1637287593.26563, 1637287602.2085803, 1637287604.7948637, 1637287607.2611427, 1637287609.6324916, 1637287612.0372977, 1637287614.413898, 1637287616.7055886, 1637287625.314317, 1637287627.732818, 1637287630.09964, 1637287632.465653, 1637287634.8446167, 1637287637.1763093, 1637287644.8703444, 1637287647.1545668, 1637287649.5289571, 1637287651.7864308, 1637287654.0616817, 1637287656.223765, 1637287658.2690792],